[2026-10-01 21:28:47,379: INFO/MainProcess] Connected to sqla+sqlite:///D:/autoSage/data/celery_broker.db
[2026-10-01 21:28:47,395: INFO/MainProcess] celery@AbhinavSingh ready.
[2026-10-01 21:28:47,404: INFO/MainProcess] Task experiments.run_experiment[1911fde7-38f2-4f99-b2de-96cef4822170] received
[2026-10-01 21:28:47,405: INFO/MainProcess] task_started
[2026-10-01 21:28:47,440: INFO/MainProcess] database_engine_initialized
[2026-10-01 21:28:47,517: ERROR/MainProcess] task_failure
Traceback (most recent call last):
  File "D:\autoSage\backend\app\workers\tasks.py", line 75, in _run_coro_sync
    asyncio.get_running_loop()
RuntimeError: no running event loop

During handling of the above exception, another exception occurred:

Traceback (most recent call last):
  File "C:\Users\abhin\AppData\Local\Programs\Python\Python311\Lib\site-packages\celery\app\trace.py", line 585, in trace_task
    R = retval = fun(*args, **kwargs)
                 ^^^^^^^^^^^^^^^^^^^^
  File "C:\Users\abhin\AppData\Local\Programs\Python\Python311\Lib\site-packages\celery\app\trace.py", line 858, in __protected_call__
    return self.run(*args, **kwargs)
           ^^^^^^^^^^^^^^^^^^^^^^^^^
  File "D:\autoSage\backend\app\workers\tasks.py", line 465, in run_experiment
    return _run_coro_sync(_execute_async(self, experiment_id))
           ^^^^^^^^^^^^^^^^^^^^^^^^^^^^^^^^^^^^^^^^^^^^^^^^^^^
  File "D:\autoSage\backend\app\workers\tasks.py", line 77, in _run_coro_sync
    return asyncio.run(coro)
           ^^^^^^^^^^^^^^^^^
  File "C:\Users\abhin\AppData\Local\Programs\Python\Python311\Lib\asyncio\runners.py", line 190, in run
    return runner.run(main)
           ^^^^^^^^^^^^^^^^
  File "C:\Users\abhin\AppData\Local\Programs\Python\Python311\Lib\asyncio\runners.py", line 118, in run
    return self._loop.run_until_complete(task)
           ^^^^^^^^^^^^^^^^^^^^^^^^^^^^^^^^^^^
  File "C:\Users\abhin\AppData\Local\Programs\Python\Python311\Lib\asyncio\base_events.py", line 654, in run_until_complete
    return future.result()
           ^^^^^^^^^^^^^^^
  File "D:\autoSage\backend\app\workers\tasks.py", line 133, in _execute_async
    async with task_session() as session:
  File "C:\Users\abhin\AppData\Local\Programs\Python\Python311\Lib\contextlib.py", line 210, in __aenter__
    return await anext(self.gen)
           ^^^^^^^^^^^^^^^^^^^^^
  File "D:\autoSage\backend\app\workers\tasks.py", line 100, in task_session
    assert AsyncSessionLocal is not None
           ^^^^^^^^^^^^^^^^^^^^^^^^^^^^^
AssertionError
[2026-10-01 21:28:55,719: ERROR/MainProcess] task_failed
[2026-10-01 21:28:55,720: ERROR/MainProcess] Task experiments.run_experiment[1911fde7-38f2-4f99-b2de-96cef4822170] raised unexpected: AssertionError()
Traceback (most recent call last):
  File "D:\autoSage\backend\app\workers\tasks.py", line 75, in _run_coro_sync
    asyncio.get_running_loop()
RuntimeError: no running event loop

During handling of the above exception, another exception occurred:

Traceback (most recent call last):
  File "C:\Users\abhin\AppData\Local\Programs\Python\Python311\Lib\site-packages\celery\app\trace.py", line 585, in trace_task
    R = retval = fun(*args, **kwargs)
                 ^^^^^^^^^^^^^^^^^^^^
  File "C:\Users\abhin\AppData\Local\Programs\Python\Python311\Lib\site-packages\celery\app\trace.py", line 858, in __protected_call__
    return self.run(*args, **kwargs)
           ^^^^^^^^^^^^^^^^^^^^^^^^^
  File "D:\autoSage\backend\app\workers\tasks.py", line 465, in run_experiment
    return _run_coro_sync(_execute_async(self, experiment_id))
           ^^^^^^^^^^^^^^^^^^^^^^^^^^^^^^^^^^^^^^^^^^^^^^^^^^^
  File "D:\autoSage\backend\app\workers\tasks.py", line 77, in _run_coro_sync
    return asyncio.run(coro)
           ^^^^^^^^^^^^^^^^^
  File "C:\Users\abhin\AppData\Local\Programs\Python\Python311\Lib\asyncio\runners.py", line 190, in run
    return runner.run(main)
           ^^^^^^^^^^^^^^^^
  File "C:\Users\abhin\AppData\Local\Programs\Python\Python311\Lib\asyncio\runners.py", line 118, in run
    return self._loop.run_until_complete(task)
           ^^^^^^^^^^^^^^^^^^^^^^^^^^^^^^^^^^^
  File "C:\Users\abhin\AppData\Local\Programs\Python\Python311\Lib\asyncio\base_events.py", line 654, in run_until_complete
    return future.result()
           ^^^^^^^^^^^^^^^
  File "D:\autoSage\backend\app\workers\tasks.py", line 133, in _execute_async
    async with task_session() as session:
  File "C:\Users\abhin\AppData\Local\Programs\Python\Python311\Lib\contextlib.py", line 210, in __aenter__
    return await anext(self.gen)
           ^^^^^^^^^^^^^^^^^^^^^
  File "D:\autoSage\backend\app\workers\tasks.py", line 100, in task_session
    assert AsyncSessionLocal is not None
           ^^^^^^^^^^^^^^^^^^^^^^^^^^^^^
AssertionError
[2026-10-01 21:28:55,721: INFO/MainProcess] task_completed
[2026-10-01 21:28:55,727: INFO/MainProcess] Task experiments.run_experiment[3553ca85-ce8a-4680-b96d-43cad0876cd8] received
[2026-10-01 21:28:55,727: INFO/MainProcess] task_started
[2026-10-01 21:28:55,737: ERROR/MainProcess] Exception terminating connection <AdaptedConnection <asyncpg.connection.Connection object at 0x000002915CFD09A0>>
Traceback (most recent call last):
  File "D:\autoSage\backend\app\workers\tasks.py", line 75, in _run_coro_sync
    asyncio.get_running_loop()
RuntimeError: no running event loop

During handling of the above exception, another exception occurred:

Traceback (most recent call last):
  File "C:\Users\abhin\AppData\Local\Programs\Python\Python311\Lib\site-packages\sqlalchemy\pool\base.py", line 373, in _close_connection
    self._dialect.do_terminate(connection)
  File "C:\Users\abhin\AppData\Local\Programs\Python\Python311\Lib\site-packages\sqlalchemy\dialects\postgresql\asyncpg.py", line 1131, in do_terminate
    dbapi_connection.terminate()
  File "C:\Users\abhin\AppData\Local\Programs\Python\Python311\Lib\site-packages\sqlalchemy\connectors\asyncio.py", line 402, in terminate
    self.await_(asyncio.shield(self._terminate_graceful_close()))  # type: ignore[attr-defined] # noqa: E501
    ^^^^^^^^^^^^^^^^^^^^^^^^^^^^^^^^^^^^^^^^^^^^^^^^^^^^^^^^^^^^^
  File "C:\Users\abhin\AppData\Local\Programs\Python\Python311\Lib\site-packages\sqlalchemy\util\_concurrency_py3k.py", line 132, in await_only
    return current.parent.switch(awaitable)  # type: ignore[no-any-return,attr-defined] # noqa: E501
           ^^^^^^^^^^^^^^^^^^^^^^^^^^^^^^^^
  File "C:\Users\abhin\AppData\Local\Programs\Python\Python311\Lib\site-packages\sqlalchemy\util\_concurrency_py3k.py", line 196, in greenlet_spawn
    value = await result
            ^^^^^^^^^^^^
  File "C:\Users\abhin\AppData\Local\Programs\Python\Python311\Lib\site-packages\sqlalchemy\dialects\postgresql\asyncpg.py", line 912, in _terminate_graceful_close
    await self._connection.close(timeout=2)
  File "C:\Users\abhin\AppData\Local\Programs\Python\Python311\Lib\site-packages\asyncpg\connection.py", line 1513, in close
    await self._protocol.close(timeout)
  File "asyncpg/protocol/protocol.pyx", line 617, in close
  File "asyncpg/protocol/protocol.pyx", line 650, in asyncpg.protocol.protocol.BaseProtocol._request_cancel
  File "C:\Users\abhin\AppData\Local\Programs\Python\Python311\Lib\site-packages\asyncpg\connection.py", line 1682, in _cancel_current_command
    self._cancellations.add(self._loop.create_task(self._cancel(waiter)))
                            ^^^^^^^^^^^^^^^^^^^^^^^^^^^^^^^^^^^^^^^^^^^^
  File "C:\Users\abhin\AppData\Local\Programs\Python\Python311\Lib\asyncio\base_events.py", line 435, in create_task
    self._check_closed()
  File "C:\Users\abhin\AppData\Local\Programs\Python\Python311\Lib\asyncio\base_events.py", line 520, in _check_closed
    raise RuntimeError('Event loop is closed')
RuntimeError: Event loop is closed
[2026-10-01 21:28:55,839: ERROR/MainProcess] task_failure
Traceback (most recent call last):
  File "D:\autoSage\backend\app\workers\tasks.py", line 75, in _run_coro_sync
    asyncio.get_running_loop()
RuntimeError: no running event loop

During handling of the above exception, another exception occurred:

Traceback (most recent call last):
  File "C:\Users\abhin\AppData\Local\Programs\Python\Python311\Lib\site-packages\celery\app\trace.py", line 585, in trace_task
    R = retval = fun(*args, **kwargs)
                 ^^^^^^^^^^^^^^^^^^^^
  File "C:\Users\abhin\AppData\Local\Programs\Python\Python311\Lib\site-packages\celery\app\trace.py", line 858, in __protected_call__
    return self.run(*args, **kwargs)
           ^^^^^^^^^^^^^^^^^^^^^^^^^
  File "D:\autoSage\backend\app\workers\tasks.py", line 465, in run_experiment
    return _run_coro_sync(_execute_async(self, experiment_id))
           ^^^^^^^^^^^^^^^^^^^^^^^^^^^^^^^^^^^^^^^^^^^^^^^^^^^
  File "D:\autoSage\backend\app\workers\tasks.py", line 77, in _run_coro_sync
    return asyncio.run(coro)
           ^^^^^^^^^^^^^^^^^
  File "C:\Users\abhin\AppData\Local\Programs\Python\Python311\Lib\asyncio\runners.py", line 190, in run
    return runner.run(main)
           ^^^^^^^^^^^^^^^^
  File "C:\Users\abhin\AppData\Local\Programs\Python\Python311\Lib\asyncio\runners.py", line 118, in run
    return self._loop.run_until_complete(task)
           ^^^^^^^^^^^^^^^^^^^^^^^^^^^^^^^^^^^
  File "C:\Users\abhin\AppData\Local\Programs\Python\Python311\Lib\asyncio\base_events.py", line 654, in run_until_complete
    return future.result()
           ^^^^^^^^^^^^^^^
  File "D:\autoSage\backend\app\workers\tasks.py", line 134, in _execute_async
    experiment = await _load_experiment(session, experiment_id)
                 ^^^^^^^^^^^^^^^^^^^^^^^^^^^^^^^^^^^^^^^^^^^^^^
  File "D:\autoSage\backend\app\workers\tasks.py", line 110, in _load_experiment
    return await repo.get_by_id(UUID(experiment_id))
           ^^^^^^^^^^^^^^^^^^^^^^^^^^^^^^^^^^^^^^^^^
  File "D:\autoSage\backend\app\repositories\base.py", line 26, in get_by_id
    return await self.session.get(self.model, entity_id)
           ^^^^^^^^^^^^^^^^^^^^^^^^^^^^^^^^^^^^^^^^^^^^^
  File "C:\Users\abhin\AppData\Local\Programs\Python\Python311\Lib\site-packages\sqlalchemy\ext\asyncio\session.py", line 592, in get
    return await greenlet_spawn(
           ^^^^^^^^^^^^^^^^^^^^^
  File "C:\Users\abhin\AppData\Local\Programs\Python\Python311\Lib\site-packages\sqlalchemy\util\_concurrency_py3k.py", line 201, in greenlet_spawn
    result = context.throw(*sys.exc_info())
             ^^^^^^^^^^^^^^^^^^^^^^^^^^^^^^
  File "C:\Users\abhin\AppData\Local\Programs\Python\Python311\Lib\site-packages\sqlalchemy\orm\session.py", line 3702, in get
    return self._get_impl(
           ^^^^^^^^^^^^^^^
  File "C:\Users\abhin\AppData\Local\Programs\Python\Python311\Lib\site-packages\sqlalchemy\orm\session.py", line 3881, in _get_impl
    return db_load_fn(
           ^^^^^^^^^^^
  File "C:\Users\abhin\AppData\Local\Programs\Python\Python311\Lib\site-packages\sqlalchemy\orm\loading.py", line 695, in load_on_pk_identity
    session.execute(
  File "C:\Users\abhin\AppData\Local\Programs\Python\Python311\Lib\site-packages\sqlalchemy\orm\session.py", line 2373, in execute
    return self._execute_internal(
           ^^^^^^^^^^^^^^^^^^^^^^^
  File "C:\Users\abhin\AppData\Local\Programs\Python\Python311\Lib\site-packages\sqlalchemy\orm\session.py", line 2261, in _execute_internal
    conn = self._connection_for_bind(bind)
           ^^^^^^^^^^^^^^^^^^^^^^^^^^^^^^^
  File "C:\Users\abhin\AppData\Local\Programs\Python\Python311\Lib\site-packages\sqlalchemy\orm\session.py", line 2113, in _connection_for_bind
    return trans._connection_for_bind(engine, execution_options)
           ^^^^^^^^^^^^^^^^^^^^^^^^^^^^^^^^^^^^^^^^^^^^^^^^^^^^^
  File "<string>", line 2, in _connection_for_bind
  File "C:\Users\abhin\AppData\Local\Programs\Python\Python311\Lib\site-packages\sqlalchemy\orm\state_changes.py", line 137, in _go
    ret_value = fn(self, *arg, **kw)
                ^^^^^^^^^^^^^^^^^^^^
  File "C:\Users\abhin\AppData\Local\Programs\Python\Python311\Lib\site-packages\sqlalchemy\orm\session.py", line 1191, in _connection_for_bind
    conn = bind.connect()
           ^^^^^^^^^^^^^^
  File "C:\Users\abhin\AppData\Local\Programs\Python\Python311\Lib\site-packages\sqlalchemy\engine\base.py", line 3295, in connect
    return self._connection_cls(self)
           ^^^^^^^^^^^^^^^^^^^^^^^^^^
  File "C:\Users\abhin\AppData\Local\Programs\Python\Python311\Lib\site-packages\sqlalchemy\engine\base.py", line 144, in __init__
    self._dbapi_connection = engine.raw_connection()
                             ^^^^^^^^^^^^^^^^^^^^^^^
  File "C:\Users\abhin\AppData\Local\Programs\Python\Python311\Lib\site-packages\sqlalchemy\engine\base.py", line 3319, in raw_connection
    return self.pool.connect()
           ^^^^^^^^^^^^^^^^^^^
  File "C:\Users\abhin\AppData\Local\Programs\Python\Python311\Lib\site-packages\sqlalchemy\pool\base.py", line 448, in connect
    return _ConnectionFairy._checkout(self)
           ^^^^^^^^^^^^^^^^^^^^^^^^^^^^^^^^
  File "C:\Users\abhin\AppData\Local\Programs\Python\Python311\Lib\site-packages\sqlalchemy\pool\base.py", line 1389, in _checkout
    with util.safe_reraise():
  File "C:\Users\abhin\AppData\Local\Programs\Python\Python311\Lib\site-packages\sqlalchemy\util\langhelpers.py", line 122, in __exit__
    raise exc_value.with_traceback(exc_tb)
  File "C:\Users\abhin\AppData\Local\Programs\Python\Python311\Lib\site-packages\sqlalchemy\pool\base.py", line 1327, in _checkout
    result = pool._dialect._do_ping_w_event(
             ^^^^^^^^^^^^^^^^^^^^^^^^^^^^^^^
  File "C:\Users\abhin\AppData\Local\Programs\Python\Python311\Lib\site-packages\sqlalchemy\engine\default.py", line 729, in _do_ping_w_event
    return self.do_ping(dbapi_connection)
           ^^^^^^^^^^^^^^^^^^^^^^^^^^^^^^
  File "C:\Users\abhin\AppData\Local\Programs\Python\Python311\Lib\site-packages\sqlalchemy\dialects\postgresql\asyncpg.py", line 1164, in do_ping
    dbapi_connection.ping()
  File "C:\Users\abhin\AppData\Local\Programs\Python\Python311\Lib\site-packages\sqlalchemy\dialects\postgresql\asyncpg.py", line 818, in ping
    self._handle_exception(error)
  File "C:\Users\abhin\AppData\Local\Programs\Python\Python311\Lib\site-packages\sqlalchemy\dialects\postgresql\asyncpg.py", line 799, in _handle_exception
    raise error
  File "C:\Users\abhin\AppData\Local\Programs\Python\Python311\Lib\site-packages\sqlalchemy\dialects\postgresql\asyncpg.py", line 816, in ping
    _ = self.await_(self._async_ping())
        ^^^^^^^^^^^^^^^^^^^^^^^^^^^^^^^
  File "C:\Users\abhin\AppData\Local\Programs\Python\Python311\Lib\site-packages\sqlalchemy\util\_concurrency_py3k.py", line 132, in await_only
    return current.parent.switch(awaitable)  # type: ignore[no-any-return,attr-defined] # noqa: E501
           ^^^^^^^^^^^^^^^^^^^^^^^^^^^^^^^^
  File "C:\Users\abhin\AppData\Local\Programs\Python\Python311\Lib\site-packages\sqlalchemy\util\_concurrency_py3k.py", line 196, in greenlet_spawn
    value = await result
            ^^^^^^^^^^^^
  File "C:\Users\abhin\AppData\Local\Programs\Python\Python311\Lib\site-packages\sqlalchemy\dialects\postgresql\asyncpg.py", line 825, in _async_ping
    await tr.start()
  File "C:\Users\abhin\AppData\Local\Programs\Python\Python311\Lib\site-packages\asyncpg\transaction.py", line 146, in start
    await self._connection.execute(query)
  File "C:\Users\abhin\AppData\Local\Programs\Python\Python311\Lib\site-packages\asyncpg\connection.py", line 354, in execute
    result = await self._protocol.query(query, timeout)
             ^^^^^^^^^^^^^^^^^^^^^^^^^^^^^^^^^^^^^^^^^^
  File "asyncpg/protocol/protocol.pyx", line 369, in query
  File "asyncpg/protocol/protocol.pyx", line 362, in asyncpg.protocol.protocol.BaseProtocol.query
  File "asyncpg/protocol/coreproto.pyx", line 1174, in asyncpg.protocol.protocol.CoreProtocol._simple_query
  File "asyncpg/protocol/protocol.pyx", line 956, in asyncpg.protocol.protocol.BaseProtocol._write
  File "C:\Users\abhin\AppData\Local\Programs\Python\Python311\Lib\asyncio\sslproto.py", line 222, in write
    self._ssl_protocol._write_appdata((data,))
  File "C:\Users\abhin\AppData\Local\Programs\Python\Python311\Lib\asyncio\sslproto.py", line 697, in _write_appdata
    self._fatal_error(ex, 'Fatal error on SSL protocol')
  File "C:\Users\abhin\AppData\Local\Programs\Python\Python311\Lib\asyncio\sslproto.py", line 915, in _fatal_error
    self._transport._force_close(exc)
  File "C:\Users\abhin\AppData\Local\Programs\Python\Python311\Lib\asyncio\proactor_events.py", line 152, in _force_close
    self._loop.call_soon(self._call_connection_lost, exc)
  File "C:\Users\abhin\AppData\Local\Programs\Python\Python311\Lib\asyncio\base_events.py", line 762, in call_soon
    self._check_closed()
  File "C:\Users\abhin\AppData\Local\Programs\Python\Python311\Lib\asyncio\base_events.py", line 520, in _check_closed
    raise RuntimeError('Event loop is closed')
RuntimeError: Event loop is closed
[2026-10-01 21:29:00,203: ERROR/MainProcess] task_failed
[2026-10-01 21:29:00,203: ERROR/MainProcess] Task experiments.run_experiment[3553ca85-ce8a-4680-b96d-43cad0876cd8] raised unexpected: RuntimeError('Event loop is closed')
Traceback (most recent call last):
  File "D:\autoSage\backend\app\workers\tasks.py", line 75, in _run_coro_sync
    asyncio.get_running_loop()
RuntimeError: no running event loop

During handling of the above exception, another exception occurred:

Traceback (most recent call last):
  File "C:\Users\abhin\AppData\Local\Programs\Python\Python311\Lib\site-packages\celery\app\trace.py", line 585, in trace_task
    R = retval = fun(*args, **kwargs)
                 ^^^^^^^^^^^^^^^^^^^^
  File "C:\Users\abhin\AppData\Local\Programs\Python\Python311\Lib\site-packages\celery\app\trace.py", line 858, in __protected_call__
    return self.run(*args, **kwargs)
           ^^^^^^^^^^^^^^^^^^^^^^^^^
  File "D:\autoSage\backend\app\workers\tasks.py", line 465, in run_experiment
    return _run_coro_sync(_execute_async(self, experiment_id))
           ^^^^^^^^^^^^^^^^^^^^^^^^^^^^^^^^^^^^^^^^^^^^^^^^^^^
  File "D:\autoSage\backend\app\workers\tasks.py", line 77, in _run_coro_sync
    return asyncio.run(coro)
           ^^^^^^^^^^^^^^^^^
  File "C:\Users\abhin\AppData\Local\Programs\Python\Python311\Lib\asyncio\runners.py", line 190, in run
    return runner.run(main)
           ^^^^^^^^^^^^^^^^
  File "C:\Users\abhin\AppData\Local\Programs\Python\Python311\Lib\asyncio\runners.py", line 118, in run
    return self._loop.run_until_complete(task)
           ^^^^^^^^^^^^^^^^^^^^^^^^^^^^^^^^^^^
  File "C:\Users\abhin\AppData\Local\Programs\Python\Python311\Lib\asyncio\base_events.py", line 654, in run_until_complete
    return future.result()
           ^^^^^^^^^^^^^^^
  File "D:\autoSage\backend\app\workers\tasks.py", line 134, in _execute_async
    experiment = await _load_experiment(session, experiment_id)
                 ^^^^^^^^^^^^^^^^^^^^^^^^^^^^^^^^^^^^^^^^^^^^^^
  File "D:\autoSage\backend\app\workers\tasks.py", line 110, in _load_experiment
    return await repo.get_by_id(UUID(experiment_id))
           ^^^^^^^^^^^^^^^^^^^^^^^^^^^^^^^^^^^^^^^^^
  File "D:\autoSage\backend\app\repositories\base.py", line 26, in get_by_id
    return await self.session.get(self.model, entity_id)
           ^^^^^^^^^^^^^^^^^^^^^^^^^^^^^^^^^^^^^^^^^^^^^
  File "C:\Users\abhin\AppData\Local\Programs\Python\Python311\Lib\site-packages\sqlalchemy\ext\asyncio\session.py", line 592, in get
    return await greenlet_spawn(
           ^^^^^^^^^^^^^^^^^^^^^
  File "C:\Users\abhin\AppData\Local\Programs\Python\Python311\Lib\site-packages\sqlalchemy\util\_concurrency_py3k.py", line 201, in greenlet_spawn
    result = context.throw(*sys.exc_info())
             ^^^^^^^^^^^^^^^^^^^^^^^^^^^^^^
  File "C:\Users\abhin\AppData\Local\Programs\Python\Python311\Lib\site-packages\sqlalchemy\orm\session.py", line 3702, in get
    return self._get_impl(
           ^^^^^^^^^^^^^^^
  File "C:\Users\abhin\AppData\Local\Programs\Python\Python311\Lib\site-packages\sqlalchemy\orm\session.py", line 3881, in _get_impl
    return db_load_fn(
           ^^^^^^^^^^^
  File "C:\Users\abhin\AppData\Local\Programs\Python\Python311\Lib\site-packages\sqlalchemy\orm\loading.py", line 695, in load_on_pk_identity
    session.execute(
  File "C:\Users\abhin\AppData\Local\Programs\Python\Python311\Lib\site-packages\sqlalchemy\orm\session.py", line 2373, in execute
    return self._execute_internal(
           ^^^^^^^^^^^^^^^^^^^^^^^
  File "C:\Users\abhin\AppData\Local\Programs\Python\Python311\Lib\site-packages\sqlalchemy\orm\session.py", line 2261, in _execute_internal
    conn = self._connection_for_bind(bind)
           ^^^^^^^^^^^^^^^^^^^^^^^^^^^^^^^
  File "C:\Users\abhin\AppData\Local\Programs\Python\Python311\Lib\site-packages\sqlalchemy\orm\session.py", line 2113, in _connection_for_bind
    return trans._connection_for_bind(engine, execution_options)
           ^^^^^^^^^^^^^^^^^^^^^^^^^^^^^^^^^^^^^^^^^^^^^^^^^^^^^
  File "<string>", line 2, in _connection_for_bind
  File "C:\Users\abhin\AppData\Local\Programs\Python\Python311\Lib\site-packages\sqlalchemy\orm\state_changes.py", line 137, in _go
    ret_value = fn(self, *arg, **kw)
                ^^^^^^^^^^^^^^^^^^^^
  File "C:\Users\abhin\AppData\Local\Programs\Python\Python311\Lib\site-packages\sqlalchemy\orm\session.py", line 1191, in _connection_for_bind
    conn = bind.connect()
           ^^^^^^^^^^^^^^
  File "C:\Users\abhin\AppData\Local\Programs\Python\Python311\Lib\site-packages\sqlalchemy\engine\base.py", line 3295, in connect
    return self._connection_cls(self)
           ^^^^^^^^^^^^^^^^^^^^^^^^^^
  File "C:\Users\abhin\AppData\Local\Programs\Python\Python311\Lib\site-packages\sqlalchemy\engine\base.py", line 144, in __init__
    self._dbapi_connection = engine.raw_connection()
                             ^^^^^^^^^^^^^^^^^^^^^^^
  File "C:\Users\abhin\AppData\Local\Programs\Python\Python311\Lib\site-packages\sqlalchemy\engine\base.py", line 3319, in raw_connection
    return self.pool.connect()
           ^^^^^^^^^^^^^^^^^^^
  File "C:\Users\abhin\AppData\Local\Programs\Python\Python311\Lib\site-packages\sqlalchemy\pool\base.py", line 448, in connect
    return _ConnectionFairy._checkout(self)
           ^^^^^^^^^^^^^^^^^^^^^^^^^^^^^^^^
  File "C:\Users\abhin\AppData\Local\Programs\Python\Python311\Lib\site-packages\sqlalchemy\pool\base.py", line 1389, in _checkout
    with util.safe_reraise():
  File "C:\Users\abhin\AppData\Local\Programs\Python\Python311\Lib\site-packages\sqlalchemy\util\langhelpers.py", line 122, in __exit__
    raise exc_value.with_traceback(exc_tb)
  File "C:\Users\abhin\AppData\Local\Programs\Python\Python311\Lib\site-packages\sqlalchemy\pool\base.py", line 1327, in _checkout
    result = pool._dialect._do_ping_w_event(
             ^^^^^^^^^^^^^^^^^^^^^^^^^^^^^^^
  File "C:\Users\abhin\AppData\Local\Programs\Python\Python311\Lib\site-packages\sqlalchemy\engine\default.py", line 729, in _do_ping_w_event
    return self.do_ping(dbapi_connection)
           ^^^^^^^^^^^^^^^^^^^^^^^^^^^^^^
  File "C:\Users\abhin\AppData\Local\Programs\Python\Python311\Lib\site-packages\sqlalchemy\dialects\postgresql\asyncpg.py", line 1164, in do_ping
    dbapi_connection.ping()
  File "C:\Users\abhin\AppData\Local\Programs\Python\Python311\Lib\site-packages\sqlalchemy\dialects\postgresql\asyncpg.py", line 818, in ping
    self._handle_exception(error)
  File "C:\Users\abhin\AppData\Local\Programs\Python\Python311\Lib\site-packages\sqlalchemy\dialects\postgresql\asyncpg.py", line 799, in _handle_exception
    raise error
  File "C:\Users\abhin\AppData\Local\Programs\Python\Python311\Lib\site-packages\sqlalchemy\dialects\postgresql\asyncpg.py", line 816, in ping
    _ = self.await_(self._async_ping())
        ^^^^^^^^^^^^^^^^^^^^^^^^^^^^^^^
  File "C:\Users\abhin\AppData\Local\Programs\Python\Python311\Lib\site-packages\sqlalchemy\util\_concurrency_py3k.py", line 132, in await_only
    return current.parent.switch(awaitable)  # type: ignore[no-any-return,attr-defined] # noqa: E501
           ^^^^^^^^^^^^^^^^^^^^^^^^^^^^^^^^
  File "C:\Users\abhin\AppData\Local\Programs\Python\Python311\Lib\site-packages\sqlalchemy\util\_concurrency_py3k.py", line 196, in greenlet_spawn
    value = await result
            ^^^^^^^^^^^^
  File "C:\Users\abhin\AppData\Local\Programs\Python\Python311\Lib\site-packages\sqlalchemy\dialects\postgresql\asyncpg.py", line 825, in _async_ping
    await tr.start()
  File "C:\Users\abhin\AppData\Local\Programs\Python\Python311\Lib\site-packages\asyncpg\transaction.py", line 146, in start
    await self._connection.execute(query)
  File "C:\Users\abhin\AppData\Local\Programs\Python\Python311\Lib\site-packages\asyncpg\connection.py", line 354, in execute
    result = await self._protocol.query(query, timeout)
             ^^^^^^^^^^^^^^^^^^^^^^^^^^^^^^^^^^^^^^^^^^
  File "asyncpg/protocol/protocol.pyx", line 369, in query
  File "asyncpg/protocol/protocol.pyx", line 362, in asyncpg.protocol.protocol.BaseProtocol.query
  File "asyncpg/protocol/coreproto.pyx", line 1174, in asyncpg.protocol.protocol.CoreProtocol._simple_query
  File "asyncpg/protocol/protocol.pyx", line 956, in asyncpg.protocol.protocol.BaseProtocol._write
  File "C:\Users\abhin\AppData\Local\Programs\Python\Python311\Lib\asyncio\sslproto.py", line 222, in write
    self._ssl_protocol._write_appdata((data,))
  File "C:\Users\abhin\AppData\Local\Programs\Python\Python311\Lib\asyncio\sslproto.py", line 697, in _write_appdata
    self._fatal_error(ex, 'Fatal error on SSL protocol')
  File "C:\Users\abhin\AppData\Local\Programs\Python\Python311\Lib\asyncio\sslproto.py", line 915, in _fatal_error
    self._transport._force_close(exc)
  File "C:\Users\abhin\AppData\Local\Programs\Python\Python311\Lib\asyncio\proactor_events.py", line 152, in _force_close
    self._loop.call_soon(self._call_connection_lost, exc)
  File "C:\Users\abhin\AppData\Local\Programs\Python\Python311\Lib\asyncio\base_events.py", line 762, in call_soon
    self._check_closed()
  File "C:\Users\abhin\AppData\Local\Programs\Python\Python311\Lib\asyncio\base_events.py", line 520, in _check_closed
    raise RuntimeError('Event loop is closed')
RuntimeError: Event loop is closed
[2026-10-01 21:29:00,205: INFO/MainProcess] task_completed
[2026-10-01 21:29:00,211: INFO/MainProcess] Task experiments.run_experiment[528567b1-102e-48a6-b1ec-a40f0660d3b3] received
[2026-10-01 21:29:00,211: INFO/MainProcess] task_started
[2026-10-01 21:29:00,221: ERROR/MainProcess] Exception terminating connection <AdaptedConnection <asyncpg.connection.Connection object at 0x000002915D9A88B0>>
Traceback (most recent call last):
  File "D:\autoSage\backend\app\workers\tasks.py", line 75, in _run_coro_sync
    asyncio.get_running_loop()
RuntimeError: no running event loop

During handling of the above exception, another exception occurred:

Traceback (most recent call last):
  File "C:\Users\abhin\AppData\Local\Programs\Python\Python311\Lib\site-packages\sqlalchemy\pool\base.py", line 373, in _close_connection
    self._dialect.do_terminate(connection)
  File "C:\Users\abhin\AppData\Local\Programs\Python\Python311\Lib\site-packages\sqlalchemy\dialects\postgresql\asyncpg.py", line 1131, in do_terminate
    dbapi_connection.terminate()
  File "C:\Users\abhin\AppData\Local\Programs\Python\Python311\Lib\site-packages\sqlalchemy\connectors\asyncio.py", line 402, in terminate
    self.await_(asyncio.shield(self._terminate_graceful_close()))  # type: ignore[attr-defined] # noqa: E501
    ^^^^^^^^^^^^^^^^^^^^^^^^^^^^^^^^^^^^^^^^^^^^^^^^^^^^^^^^^^^^^
  File "C:\Users\abhin\AppData\Local\Programs\Python\Python311\Lib\site-packages\sqlalchemy\util\_concurrency_py3k.py", line 132, in await_only
    return current.parent.switch(awaitable)  # type: ignore[no-any-return,attr-defined] # noqa: E501
           ^^^^^^^^^^^^^^^^^^^^^^^^^^^^^^^^
  File "C:\Users\abhin\AppData\Local\Programs\Python\Python311\Lib\site-packages\sqlalchemy\util\_concurrency_py3k.py", line 196, in greenlet_spawn
    value = await result
            ^^^^^^^^^^^^
  File "C:\Users\abhin\AppData\Local\Programs\Python\Python311\Lib\site-packages\sqlalchemy\dialects\postgresql\asyncpg.py", line 912, in _terminate_graceful_close
    await self._connection.close(timeout=2)
  File "C:\Users\abhin\AppData\Local\Programs\Python\Python311\Lib\site-packages\asyncpg\connection.py", line 1513, in close
    await self._protocol.close(timeout)
  File "asyncpg/protocol/protocol.pyx", line 617, in close
  File "asyncpg/protocol/protocol.pyx", line 650, in asyncpg.protocol.protocol.BaseProtocol._request_cancel
  File "C:\Users\abhin\AppData\Local\Programs\Python\Python311\Lib\site-packages\asyncpg\connection.py", line 1682, in _cancel_current_command
    self._cancellations.add(self._loop.create_task(self._cancel(waiter)))
                            ^^^^^^^^^^^^^^^^^^^^^^^^^^^^^^^^^^^^^^^^^^^^
  File "C:\Users\abhin\AppData\Local\Programs\Python\Python311\Lib\asyncio\base_events.py", line 435, in create_task
    self._check_closed()
  File "C:\Users\abhin\AppData\Local\Programs\Python\Python311\Lib\asyncio\base_events.py", line 520, in _check_closed
    raise RuntimeError('Event loop is closed')
RuntimeError: Event loop is closed
[2026-10-01 21:29:00,235: ERROR/MainProcess] task_failure
Traceback (most recent call last):
  File "D:\autoSage\backend\app\workers\tasks.py", line 75, in _run_coro_sync
    asyncio.get_running_loop()
RuntimeError: no running event loop

During handling of the above exception, another exception occurred:

Traceback (most recent call last):
  File "C:\Users\abhin\AppData\Local\Programs\Python\Python311\Lib\site-packages\celery\app\trace.py", line 585, in trace_task
    R = retval = fun(*args, **kwargs)
                 ^^^^^^^^^^^^^^^^^^^^
  File "C:\Users\abhin\AppData\Local\Programs\Python\Python311\Lib\site-packages\celery\app\trace.py", line 858, in __protected_call__
    return self.run(*args, **kwargs)
           ^^^^^^^^^^^^^^^^^^^^^^^^^
  File "D:\autoSage\backend\app\workers\tasks.py", line 465, in run_experiment
    return _run_coro_sync(_execute_async(self, experiment_id))
           ^^^^^^^^^^^^^^^^^^^^^^^^^^^^^^^^^^^^^^^^^^^^^^^^^^^
  File "D:\autoSage\backend\app\workers\tasks.py", line 77, in _run_coro_sync
    return asyncio.run(coro)
           ^^^^^^^^^^^^^^^^^
  File "C:\Users\abhin\AppData\Local\Programs\Python\Python311\Lib\asyncio\runners.py", line 190, in run
    return runner.run(main)
           ^^^^^^^^^^^^^^^^
  File "C:\Users\abhin\AppData\Local\Programs\Python\Python311\Lib\asyncio\runners.py", line 118, in run
    return self._loop.run_until_complete(task)
           ^^^^^^^^^^^^^^^^^^^^^^^^^^^^^^^^^^^
  File "C:\Users\abhin\AppData\Local\Programs\Python\Python311\Lib\asyncio\base_events.py", line 654, in run_until_complete
    return future.result()
           ^^^^^^^^^^^^^^^
  File "D:\autoSage\backend\app\workers\tasks.py", line 134, in _execute_async
    experiment = await _load_experiment(session, experiment_id)
                 ^^^^^^^^^^^^^^^^^^^^^^^^^^^^^^^^^^^^^^^^^^^^^^
  File "D:\autoSage\backend\app\workers\tasks.py", line 110, in _load_experiment
    return await repo.get_by_id(UUID(experiment_id))
           ^^^^^^^^^^^^^^^^^^^^^^^^^^^^^^^^^^^^^^^^^
  File "D:\autoSage\backend\app\repositories\base.py", line 26, in get_by_id
    return await self.session.get(self.model, entity_id)
           ^^^^^^^^^^^^^^^^^^^^^^^^^^^^^^^^^^^^^^^^^^^^^
  File "C:\Users\abhin\AppData\Local\Programs\Python\Python311\Lib\site-packages\sqlalchemy\ext\asyncio\session.py", line 592, in get
    return await greenlet_spawn(
           ^^^^^^^^^^^^^^^^^^^^^
  File "C:\Users\abhin\AppData\Local\Programs\Python\Python311\Lib\site-packages\sqlalchemy\util\_concurrency_py3k.py", line 201, in greenlet_spawn
    result = context.throw(*sys.exc_info())
             ^^^^^^^^^^^^^^^^^^^^^^^^^^^^^^
  File "C:\Users\abhin\AppData\Local\Programs\Python\Python311\Lib\site-packages\sqlalchemy\orm\session.py", line 3702, in get
    return self._get_impl(
           ^^^^^^^^^^^^^^^
  File "C:\Users\abhin\AppData\Local\Programs\Python\Python311\Lib\site-packages\sqlalchemy\orm\session.py", line 3881, in _get_impl
    return db_load_fn(
           ^^^^^^^^^^^
  File "C:\Users\abhin\AppData\Local\Programs\Python\Python311\Lib\site-packages\sqlalchemy\orm\loading.py", line 695, in load_on_pk_identity
    session.execute(
  File "C:\Users\abhin\AppData\Local\Programs\Python\Python311\Lib\site-packages\sqlalchemy\orm\session.py", line 2373, in execute
    return self._execute_internal(
           ^^^^^^^^^^^^^^^^^^^^^^^
  File "C:\Users\abhin\AppData\Local\Programs\Python\Python311\Lib\site-packages\sqlalchemy\orm\session.py", line 2261, in _execute_internal
    conn = self._connection_for_bind(bind)
           ^^^^^^^^^^^^^^^^^^^^^^^^^^^^^^^
  File "C:\Users\abhin\AppData\Local\Programs\Python\Python311\Lib\site-packages\sqlalchemy\orm\session.py", line 2113, in _connection_for_bind
    return trans._connection_for_bind(engine, execution_options)
           ^^^^^^^^^^^^^^^^^^^^^^^^^^^^^^^^^^^^^^^^^^^^^^^^^^^^^
  File "<string>", line 2, in _connection_for_bind
  File "C:\Users\abhin\AppData\Local\Programs\Python\Python311\Lib\site-packages\sqlalchemy\orm\state_changes.py", line 137, in _go
    ret_value = fn(self, *arg, **kw)
                ^^^^^^^^^^^^^^^^^^^^
  File "C:\Users\abhin\AppData\Local\Programs\Python\Python311\Lib\site-packages\sqlalchemy\orm\session.py", line 1191, in _connection_for_bind
    conn = bind.connect()
           ^^^^^^^^^^^^^^
  File "C:\Users\abhin\AppData\Local\Programs\Python\Python311\Lib\site-packages\sqlalchemy\engine\base.py", line 3295, in connect
    return self._connection_cls(self)
           ^^^^^^^^^^^^^^^^^^^^^^^^^^
  File "C:\Users\abhin\AppData\Local\Programs\Python\Python311\Lib\site-packages\sqlalchemy\engine\base.py", line 144, in __init__
    self._dbapi_connection = engine.raw_connection()
                             ^^^^^^^^^^^^^^^^^^^^^^^
  File "C:\Users\abhin\AppData\Local\Programs\Python\Python311\Lib\site-packages\sqlalchemy\engine\base.py", line 3319, in raw_connection
    return self.pool.connect()
           ^^^^^^^^^^^^^^^^^^^
  File "C:\Users\abhin\AppData\Local\Programs\Python\Python311\Lib\site-packages\sqlalchemy\pool\base.py", line 448, in connect
    return _ConnectionFairy._checkout(self)
           ^^^^^^^^^^^^^^^^^^^^^^^^^^^^^^^^
  File "C:\Users\abhin\AppData\Local\Programs\Python\Python311\Lib\site-packages\sqlalchemy\pool\base.py", line 1389, in _checkout
    with util.safe_reraise():
  File "C:\Users\abhin\AppData\Local\Programs\Python\Python311\Lib\site-packages\sqlalchemy\util\langhelpers.py", line 122, in __exit__
    raise exc_value.with_traceback(exc_tb)
  File "C:\Users\abhin\AppData\Local\Programs\Python\Python311\Lib\site-packages\sqlalchemy\pool\base.py", line 1327, in _checkout
    result = pool._dialect._do_ping_w_event(
             ^^^^^^^^^^^^^^^^^^^^^^^^^^^^^^^
  File "C:\Users\abhin\AppData\Local\Programs\Python\Python311\Lib\site-packages\sqlalchemy\engine\default.py", line 729, in _do_ping_w_event
    return self.do_ping(dbapi_connection)
           ^^^^^^^^^^^^^^^^^^^^^^^^^^^^^^
  File "C:\Users\abhin\AppData\Local\Programs\Python\Python311\Lib\site-packages\sqlalchemy\dialects\postgresql\asyncpg.py", line 1164, in do_ping
    dbapi_connection.ping()
  File "C:\Users\abhin\AppData\Local\Programs\Python\Python311\Lib\site-packages\sqlalchemy\dialects\postgresql\asyncpg.py", line 818, in ping
    self._handle_exception(error)
  File "C:\Users\abhin\AppData\Local\Programs\Python\Python311\Lib\site-packages\sqlalchemy\dialects\postgresql\asyncpg.py", line 799, in _handle_exception
    raise error
  File "C:\Users\abhin\AppData\Local\Programs\Python\Python311\Lib\site-packages\sqlalchemy\dialects\postgresql\asyncpg.py", line 816, in ping
    _ = self.await_(self._async_ping())
        ^^^^^^^^^^^^^^^^^^^^^^^^^^^^^^^
  File "C:\Users\abhin\AppData\Local\Programs\Python\Python311\Lib\site-packages\sqlalchemy\util\_concurrency_py3k.py", line 132, in await_only
    return current.parent.switch(awaitable)  # type: ignore[no-any-return,attr-defined] # noqa: E501
           ^^^^^^^^^^^^^^^^^^^^^^^^^^^^^^^^
  File "C:\Users\abhin\AppData\Local\Programs\Python\Python311\Lib\site-packages\sqlalchemy\util\_concurrency_py3k.py", line 196, in greenlet_spawn
    value = await result
            ^^^^^^^^^^^^
  File "C:\Users\abhin\AppData\Local\Programs\Python\Python311\Lib\site-packages\sqlalchemy\dialects\postgresql\asyncpg.py", line 825, in _async_ping
    await tr.start()
  File "C:\Users\abhin\AppData\Local\Programs\Python\Python311\Lib\site-packages\asyncpg\transaction.py", line 146, in start
    await self._connection.execute(query)
  File "C:\Users\abhin\AppData\Local\Programs\Python\Python311\Lib\site-packages\asyncpg\connection.py", line 354, in execute
    result = await self._protocol.query(query, timeout)
             ^^^^^^^^^^^^^^^^^^^^^^^^^^^^^^^^^^^^^^^^^^
  File "asyncpg/protocol/protocol.pyx", line 369, in query
  File "asyncpg/protocol/protocol.pyx", line 362, in asyncpg.protocol.protocol.BaseProtocol.query
  File "asyncpg/protocol/coreproto.pyx", line 1174, in asyncpg.protocol.protocol.CoreProtocol._simple_query
  File "asyncpg/protocol/protocol.pyx", line 956, in asyncpg.protocol.protocol.BaseProtocol._write
  File "C:\Users\abhin\AppData\Local\Programs\Python\Python311\Lib\asyncio\sslproto.py", line 222, in write
    self._ssl_protocol._write_appdata((data,))
  File "C:\Users\abhin\AppData\Local\Programs\Python\Python311\Lib\asyncio\sslproto.py", line 697, in _write_appdata
    self._fatal_error(ex, 'Fatal error on SSL protocol')
  File "C:\Users\abhin\AppData\Local\Programs\Python\Python311\Lib\asyncio\sslproto.py", line 915, in _fatal_error
    self._transport._force_close(exc)
  File "C:\Users\abhin\AppData\Local\Programs\Python\Python311\Lib\asyncio\proactor_events.py", line 152, in _force_close
    self._loop.call_soon(self._call_connection_lost, exc)
  File "C:\Users\abhin\AppData\Local\Programs\Python\Python311\Lib\asyncio\base_events.py", line 762, in call_soon
    self._check_closed()
  File "C:\Users\abhin\AppData\Local\Programs\Python\Python311\Lib\asyncio\base_events.py", line 520, in _check_closed
    raise RuntimeError('Event loop is closed')
RuntimeError: Event loop is closed
[2026-10-01 21:29:17,342: ERROR/MainProcess] task_failed
[2026-10-01 21:29:17,343: ERROR/MainProcess] Task experiments.run_experiment[528567b1-102e-48a6-b1ec-a40f0660d3b3] raised unexpected: RuntimeError('Event loop is closed')
Traceback (most recent call last):
  File "D:\autoSage\backend\app\workers\tasks.py", line 75, in _run_coro_sync
    asyncio.get_running_loop()
RuntimeError: no running event loop

During handling of the above exception, another exception occurred:

Traceback (most recent call last):
  File "C:\Users\abhin\AppData\Local\Programs\Python\Python311\Lib\site-packages\celery\app\trace.py", line 585, in trace_task
    R = retval = fun(*args, **kwargs)
                 ^^^^^^^^^^^^^^^^^^^^
  File "C:\Users\abhin\AppData\Local\Programs\Python\Python311\Lib\site-packages\celery\app\trace.py", line 858, in __protected_call__
    return self.run(*args, **kwargs)
           ^^^^^^^^^^^^^^^^^^^^^^^^^
  File "D:\autoSage\backend\app\workers\tasks.py", line 465, in run_experiment
    return _run_coro_sync(_execute_async(self, experiment_id))
           ^^^^^^^^^^^^^^^^^^^^^^^^^^^^^^^^^^^^^^^^^^^^^^^^^^^
  File "D:\autoSage\backend\app\workers\tasks.py", line 77, in _run_coro_sync
    return asyncio.run(coro)
           ^^^^^^^^^^^^^^^^^
  File "C:\Users\abhin\AppData\Local\Programs\Python\Python311\Lib\asyncio\runners.py", line 190, in run
    return runner.run(main)
           ^^^^^^^^^^^^^^^^
  File "C:\Users\abhin\AppData\Local\Programs\Python\Python311\Lib\asyncio\runners.py", line 118, in run
    return self._loop.run_until_complete(task)
           ^^^^^^^^^^^^^^^^^^^^^^^^^^^^^^^^^^^
  File "C:\Users\abhin\AppData\Local\Programs\Python\Python311\Lib\asyncio\base_events.py", line 654, in run_until_complete
    return future.result()
           ^^^^^^^^^^^^^^^
  File "D:\autoSage\backend\app\workers\tasks.py", line 134, in _execute_async
    experiment = await _load_experiment(session, experiment_id)
                 ^^^^^^^^^^^^^^^^^^^^^^^^^^^^^^^^^^^^^^^^^^^^^^
  File "D:\autoSage\backend\app\workers\tasks.py", line 110, in _load_experiment
    return await repo.get_by_id(UUID(experiment_id))
           ^^^^^^^^^^^^^^^^^^^^^^^^^^^^^^^^^^^^^^^^^
  File "D:\autoSage\backend\app\repositories\base.py", line 26, in get_by_id
    return await self.session.get(self.model, entity_id)
           ^^^^^^^^^^^^^^^^^^^^^^^^^^^^^^^^^^^^^^^^^^^^^
  File "C:\Users\abhin\AppData\Local\Programs\Python\Python311\Lib\site-packages\sqlalchemy\ext\asyncio\session.py", line 592, in get
    return await greenlet_spawn(
           ^^^^^^^^^^^^^^^^^^^^^
  File "C:\Users\abhin\AppData\Local\Programs\Python\Python311\Lib\site-packages\sqlalchemy\util\_concurrency_py3k.py", line 201, in greenlet_spawn
    result = context.throw(*sys.exc_info())
             ^^^^^^^^^^^^^^^^^^^^^^^^^^^^^^
  File "C:\Users\abhin\AppData\Local\Programs\Python\Python311\Lib\site-packages\sqlalchemy\orm\session.py", line 3702, in get
    return self._get_impl(
           ^^^^^^^^^^^^^^^
  File "C:\Users\abhin\AppData\Local\Programs\Python\Python311\Lib\site-packages\sqlalchemy\orm\session.py", line 3881, in _get_impl
    return db_load_fn(
           ^^^^^^^^^^^
  File "C:\Users\abhin\AppData\Local\Programs\Python\Python311\Lib\site-packages\sqlalchemy\orm\loading.py", line 695, in load_on_pk_identity
    session.execute(
  File "C:\Users\abhin\AppData\Local\Programs\Python\Python311\Lib\site-packages\sqlalchemy\orm\session.py", line 2373, in execute
    return self._execute_internal(
           ^^^^^^^^^^^^^^^^^^^^^^^
  File "C:\Users\abhin\AppData\Local\Programs\Python\Python311\Lib\site-packages\sqlalchemy\orm\session.py", line 2261, in _execute_internal
    conn = self._connection_for_bind(bind)
           ^^^^^^^^^^^^^^^^^^^^^^^^^^^^^^^
  File "C:\Users\abhin\AppData\Local\Programs\Python\Python311\Lib\site-packages\sqlalchemy\orm\session.py", line 2113, in _connection_for_bind
    return trans._connection_for_bind(engine, execution_options)
           ^^^^^^^^^^^^^^^^^^^^^^^^^^^^^^^^^^^^^^^^^^^^^^^^^^^^^
  File "<string>", line 2, in _connection_for_bind
  File "C:\Users\abhin\AppData\Local\Programs\Python\Python311\Lib\site-packages\sqlalchemy\orm\state_changes.py", line 137, in _go
    ret_value = fn(self, *arg, **kw)
                ^^^^^^^^^^^^^^^^^^^^
  File "C:\Users\abhin\AppData\Local\Programs\Python\Python311\Lib\site-packages\sqlalchemy\orm\session.py", line 1191, in _connection_for_bind
    conn = bind.connect()
           ^^^^^^^^^^^^^^
  File "C:\Users\abhin\AppData\Local\Programs\Python\Python311\Lib\site-packages\sqlalchemy\engine\base.py", line 3295, in connect
    return self._connection_cls(self)
           ^^^^^^^^^^^^^^^^^^^^^^^^^^
  File "C:\Users\abhin\AppData\Local\Programs\Python\Python311\Lib\site-packages\sqlalchemy\engine\base.py", line 144, in __init__
    self._dbapi_connection = engine.raw_connection()
                             ^^^^^^^^^^^^^^^^^^^^^^^
  File "C:\Users\abhin\AppData\Local\Programs\Python\Python311\Lib\site-packages\sqlalchemy\engine\base.py", line 3319, in raw_connection
    return self.pool.connect()
           ^^^^^^^^^^^^^^^^^^^
  File "C:\Users\abhin\AppData\Local\Programs\Python\Python311\Lib\site-packages\sqlalchemy\pool\base.py", line 448, in connect
    return _ConnectionFairy._checkout(self)
           ^^^^^^^^^^^^^^^^^^^^^^^^^^^^^^^^
  File "C:\Users\abhin\AppData\Local\Programs\Python\Python311\Lib\site-packages\sqlalchemy\pool\base.py", line 1389, in _checkout
    with util.safe_reraise():
  File "C:\Users\abhin\AppData\Local\Programs\Python\Python311\Lib\site-packages\sqlalchemy\util\langhelpers.py", line 122, in __exit__
    raise exc_value.with_traceback(exc_tb)
  File "C:\Users\abhin\AppData\Local\Programs\Python\Python311\Lib\site-packages\sqlalchemy\pool\base.py", line 1327, in _checkout
    result = pool._dialect._do_ping_w_event(
             ^^^^^^^^^^^^^^^^^^^^^^^^^^^^^^^
  File "C:\Users\abhin\AppData\Local\Programs\Python\Python311\Lib\site-packages\sqlalchemy\engine\default.py", line 729, in _do_ping_w_event
    return self.do_ping(dbapi_connection)
           ^^^^^^^^^^^^^^^^^^^^^^^^^^^^^^
  File "C:\Users\abhin\AppData\Local\Programs\Python\Python311\Lib\site-packages\sqlalchemy\dialects\postgresql\asyncpg.py", line 1164, in do_ping
    dbapi_connection.ping()
  File "C:\Users\abhin\AppData\Local\Programs\Python\Python311\Lib\site-packages\sqlalchemy\dialects\postgresql\asyncpg.py", line 818, in ping
    self._handle_exception(error)
  File "C:\Users\abhin\AppData\Local\Programs\Python\Python311\Lib\site-packages\sqlalchemy\dialects\postgresql\asyncpg.py", line 799, in _handle_exception
    raise error
  File "C:\Users\abhin\AppData\Local\Programs\Python\Python311\Lib\site-packages\sqlalchemy\dialects\postgresql\asyncpg.py", line 816, in ping
    _ = self.await_(self._async_ping())
        ^^^^^^^^^^^^^^^^^^^^^^^^^^^^^^^
  File "C:\Users\abhin\AppData\Local\Programs\Python\Python311\Lib\site-packages\sqlalchemy\util\_concurrency_py3k.py", line 132, in await_only
    return current.parent.switch(awaitable)  # type: ignore[no-any-return,attr-defined] # noqa: E501
           ^^^^^^^^^^^^^^^^^^^^^^^^^^^^^^^^
  File "C:\Users\abhin\AppData\Local\Programs\Python\Python311\Lib\site-packages\sqlalchemy\util\_concurrency_py3k.py", line 196, in greenlet_spawn
    value = await result
            ^^^^^^^^^^^^
  File "C:\Users\abhin\AppData\Local\Programs\Python\Python311\Lib\site-packages\sqlalchemy\dialects\postgresql\asyncpg.py", line 825, in _async_ping
    await tr.start()
  File "C:\Users\abhin\AppData\Local\Programs\Python\Python311\Lib\site-packages\asyncpg\transaction.py", line 146, in start
    await self._connection.execute(query)
  File "C:\Users\abhin\AppData\Local\Programs\Python\Python311\Lib\site-packages\asyncpg\connection.py", line 354, in execute
    result = await self._protocol.query(query, timeout)
             ^^^^^^^^^^^^^^^^^^^^^^^^^^^^^^^^^^^^^^^^^^
  File "asyncpg/protocol/protocol.pyx", line 369, in query
  File "asyncpg/protocol/protocol.pyx", line 362, in asyncpg.protocol.protocol.BaseProtocol.query
  File "asyncpg/protocol/coreproto.pyx", line 1174, in asyncpg.protocol.protocol.CoreProtocol._simple_query
  File "asyncpg/protocol/protocol.pyx", line 956, in asyncpg.protocol.protocol.BaseProtocol._write
  File "C:\Users\abhin\AppData\Local\Programs\Python\Python311\Lib\asyncio\sslproto.py", line 222, in write
    self._ssl_protocol._write_appdata((data,))
  File "C:\Users\abhin\AppData\Local\Programs\Python\Python311\Lib\asyncio\sslproto.py", line 697, in _write_appdata
    self._fatal_error(ex, 'Fatal error on SSL protocol')
  File "C:\Users\abhin\AppData\Local\Programs\Python\Python311\Lib\asyncio\sslproto.py", line 915, in _fatal_error
    self._transport._force_close(exc)
  File "C:\Users\abhin\AppData\Local\Programs\Python\Python311\Lib\asyncio\proactor_events.py", line 152, in _force_close
    self._loop.call_soon(self._call_connection_lost, exc)
  File "C:\Users\abhin\AppData\Local\Programs\Python\Python311\Lib\asyncio\base_events.py", line 762, in call_soon
    self._check_closed()
  File "C:\Users\abhin\AppData\Local\Programs\Python\Python311\Lib\asyncio\base_events.py", line 520, in _check_closed
    raise RuntimeError('Event loop is closed')
RuntimeError: Event loop is closed
[2026-10-01 21:29:17,345: INFO/MainProcess] task_completed
[2026-10-01 21:29:17,352: INFO/MainProcess] Task experiments.run_experiment[e65a4c55-7b6c-4f53-9a4c-40be8818057b] received
[2026-10-01 21:29:17,352: INFO/MainProcess] task_started
[2026-10-01 21:29:17,362: ERROR/MainProcess] Exception terminating connection <AdaptedConnection <asyncpg.connection.Connection object at 0x000002915D5AE4D0>>
Traceback (most recent call last):
  File "D:\autoSage\backend\app\workers\tasks.py", line 75, in _run_coro_sync
    asyncio.get_running_loop()
RuntimeError: no running event loop

During handling of the above exception, another exception occurred:

Traceback (most recent call last):
  File "C:\Users\abhin\AppData\Local\Programs\Python\Python311\Lib\site-packages\sqlalchemy\pool\base.py", line 373, in _close_connection
    self._dialect.do_terminate(connection)
  File "C:\Users\abhin\AppData\Local\Programs\Python\Python311\Lib\site-packages\sqlalchemy\dialects\postgresql\asyncpg.py", line 1131, in do_terminate
    dbapi_connection.terminate()
  File "C:\Users\abhin\AppData\Local\Programs\Python\Python311\Lib\site-packages\sqlalchemy\connectors\asyncio.py", line 402, in terminate
    self.await_(asyncio.shield(self._terminate_graceful_close()))  # type: ignore[attr-defined] # noqa: E501
    ^^^^^^^^^^^^^^^^^^^^^^^^^^^^^^^^^^^^^^^^^^^^^^^^^^^^^^^^^^^^^
  File "C:\Users\abhin\AppData\Local\Programs\Python\Python311\Lib\site-packages\sqlalchemy\util\_concurrency_py3k.py", line 132, in await_only
    return current.parent.switch(awaitable)  # type: ignore[no-any-return,attr-defined] # noqa: E501
           ^^^^^^^^^^^^^^^^^^^^^^^^^^^^^^^^
  File "C:\Users\abhin\AppData\Local\Programs\Python\Python311\Lib\site-packages\sqlalchemy\util\_concurrency_py3k.py", line 196, in greenlet_spawn
    value = await result
            ^^^^^^^^^^^^
  File "C:\Users\abhin\AppData\Local\Programs\Python\Python311\Lib\site-packages\sqlalchemy\dialects\postgresql\asyncpg.py", line 912, in _terminate_graceful_close
    await self._connection.close(timeout=2)
  File "C:\Users\abhin\AppData\Local\Programs\Python\Python311\Lib\site-packages\asyncpg\connection.py", line 1513, in close
    await self._protocol.close(timeout)
  File "asyncpg/protocol/protocol.pyx", line 617, in close
  File "asyncpg/protocol/protocol.pyx", line 650, in asyncpg.protocol.protocol.BaseProtocol._request_cancel
  File "C:\Users\abhin\AppData\Local\Programs\Python\Python311\Lib\site-packages\asyncpg\connection.py", line 1682, in _cancel_current_command
    self._cancellations.add(self._loop.create_task(self._cancel(waiter)))
                            ^^^^^^^^^^^^^^^^^^^^^^^^^^^^^^^^^^^^^^^^^^^^
  File "C:\Users\abhin\AppData\Local\Programs\Python\Python311\Lib\asyncio\base_events.py", line 435, in create_task
    self._check_closed()
  File "C:\Users\abhin\AppData\Local\Programs\Python\Python311\Lib\asyncio\base_events.py", line 520, in _check_closed
    raise RuntimeError('Event loop is closed')
RuntimeError: Event loop is closed
[2026-10-01 21:29:17,377: ERROR/MainProcess] task_failure
Traceback (most recent call last):
  File "D:\autoSage\backend\app\workers\tasks.py", line 75, in _run_coro_sync
    asyncio.get_running_loop()
RuntimeError: no running event loop

During handling of the above exception, another exception occurred:

Traceback (most recent call last):
  File "C:\Users\abhin\AppData\Local\Programs\Python\Python311\Lib\site-packages\celery\app\trace.py", line 585, in trace_task
    R = retval = fun(*args, **kwargs)
                 ^^^^^^^^^^^^^^^^^^^^
  File "C:\Users\abhin\AppData\Local\Programs\Python\Python311\Lib\site-packages\celery\app\trace.py", line 858, in __protected_call__
    return self.run(*args, **kwargs)
           ^^^^^^^^^^^^^^^^^^^^^^^^^
  File "D:\autoSage\backend\app\workers\tasks.py", line 465, in run_experiment
    return _run_coro_sync(_execute_async(self, experiment_id))
           ^^^^^^^^^^^^^^^^^^^^^^^^^^^^^^^^^^^^^^^^^^^^^^^^^^^
  File "D:\autoSage\backend\app\workers\tasks.py", line 77, in _run_coro_sync
    return asyncio.run(coro)
           ^^^^^^^^^^^^^^^^^
  File "C:\Users\abhin\AppData\Local\Programs\Python\Python311\Lib\asyncio\runners.py", line 190, in run
    return runner.run(main)
           ^^^^^^^^^^^^^^^^
  File "C:\Users\abhin\AppData\Local\Programs\Python\Python311\Lib\asyncio\runners.py", line 118, in run
    return self._loop.run_until_complete(task)
           ^^^^^^^^^^^^^^^^^^^^^^^^^^^^^^^^^^^
  File "C:\Users\abhin\AppData\Local\Programs\Python\Python311\Lib\asyncio\base_events.py", line 654, in run_until_complete
    return future.result()
           ^^^^^^^^^^^^^^^
  File "D:\autoSage\backend\app\workers\tasks.py", line 134, in _execute_async
    experiment = await _load_experiment(session, experiment_id)
                 ^^^^^^^^^^^^^^^^^^^^^^^^^^^^^^^^^^^^^^^^^^^^^^
  File "D:\autoSage\backend\app\workers\tasks.py", line 110, in _load_experiment
    return await repo.get_by_id(UUID(experiment_id))
           ^^^^^^^^^^^^^^^^^^^^^^^^^^^^^^^^^^^^^^^^^
  File "D:\autoSage\backend\app\repositories\base.py", line 26, in get_by_id
    return await self.session.get(self.model, entity_id)
           ^^^^^^^^^^^^^^^^^^^^^^^^^^^^^^^^^^^^^^^^^^^^^
  File "C:\Users\abhin\AppData\Local\Programs\Python\Python311\Lib\site-packages\sqlalchemy\ext\asyncio\session.py", line 592, in get
    return await greenlet_spawn(
           ^^^^^^^^^^^^^^^^^^^^^
  File "C:\Users\abhin\AppData\Local\Programs\Python\Python311\Lib\site-packages\sqlalchemy\util\_concurrency_py3k.py", line 201, in greenlet_spawn
    result = context.throw(*sys.exc_info())
             ^^^^^^^^^^^^^^^^^^^^^^^^^^^^^^
  File "C:\Users\abhin\AppData\Local\Programs\Python\Python311\Lib\site-packages\sqlalchemy\orm\session.py", line 3702, in get
    return self._get_impl(
           ^^^^^^^^^^^^^^^
  File "C:\Users\abhin\AppData\Local\Programs\Python\Python311\Lib\site-packages\sqlalchemy\orm\session.py", line 3881, in _get_impl
    return db_load_fn(
           ^^^^^^^^^^^
  File "C:\Users\abhin\AppData\Local\Programs\Python\Python311\Lib\site-packages\sqlalchemy\orm\loading.py", line 695, in load_on_pk_identity
    session.execute(
  File "C:\Users\abhin\AppData\Local\Programs\Python\Python311\Lib\site-packages\sqlalchemy\orm\session.py", line 2373, in execute
    return self._execute_internal(
           ^^^^^^^^^^^^^^^^^^^^^^^
  File "C:\Users\abhin\AppData\Local\Programs\Python\Python311\Lib\site-packages\sqlalchemy\orm\session.py", line 2261, in _execute_internal
    conn = self._connection_for_bind(bind)
           ^^^^^^^^^^^^^^^^^^^^^^^^^^^^^^^
  File "C:\Users\abhin\AppData\Local\Programs\Python\Python311\Lib\site-packages\sqlalchemy\orm\session.py", line 2113, in _connection_for_bind
    return trans._connection_for_bind(engine, execution_options)
           ^^^^^^^^^^^^^^^^^^^^^^^^^^^^^^^^^^^^^^^^^^^^^^^^^^^^^
  File "<string>", line 2, in _connection_for_bind
  File "C:\Users\abhin\AppData\Local\Programs\Python\Python311\Lib\site-packages\sqlalchemy\orm\state_changes.py", line 137, in _go
    ret_value = fn(self, *arg, **kw)
                ^^^^^^^^^^^^^^^^^^^^
  File "C:\Users\abhin\AppData\Local\Programs\Python\Python311\Lib\site-packages\sqlalchemy\orm\session.py", line 1191, in _connection_for_bind
    conn = bind.connect()
           ^^^^^^^^^^^^^^
  File "C:\Users\abhin\AppData\Local\Programs\Python\Python311\Lib\site-packages\sqlalchemy\engine\base.py", line 3295, in connect
    return self._connection_cls(self)
           ^^^^^^^^^^^^^^^^^^^^^^^^^^
  File "C:\Users\abhin\AppData\Local\Programs\Python\Python311\Lib\site-packages\sqlalchemy\engine\base.py", line 144, in __init__
    self._dbapi_connection = engine.raw_connection()
                             ^^^^^^^^^^^^^^^^^^^^^^^
  File "C:\Users\abhin\AppData\Local\Programs\Python\Python311\Lib\site-packages\sqlalchemy\engine\base.py", line 3319, in raw_connection
    return self.pool.connect()
           ^^^^^^^^^^^^^^^^^^^
  File "C:\Users\abhin\AppData\Local\Programs\Python\Python311\Lib\site-packages\sqlalchemy\pool\base.py", line 448, in connect
    return _ConnectionFairy._checkout(self)
           ^^^^^^^^^^^^^^^^^^^^^^^^^^^^^^^^
  File "C:\Users\abhin\AppData\Local\Programs\Python\Python311\Lib\site-packages\sqlalchemy\pool\base.py", line 1389, in _checkout
    with util.safe_reraise():
  File "C:\Users\abhin\AppData\Local\Programs\Python\Python311\Lib\site-packages\sqlalchemy\util\langhelpers.py", line 122, in __exit__
    raise exc_value.with_traceback(exc_tb)
  File "C:\Users\abhin\AppData\Local\Programs\Python\Python311\Lib\site-packages\sqlalchemy\pool\base.py", line 1327, in _checkout
    result = pool._dialect._do_ping_w_event(
             ^^^^^^^^^^^^^^^^^^^^^^^^^^^^^^^
  File "C:\Users\abhin\AppData\Local\Programs\Python\Python311\Lib\site-packages\sqlalchemy\engine\default.py", line 729, in _do_ping_w_event
    return self.do_ping(dbapi_connection)
           ^^^^^^^^^^^^^^^^^^^^^^^^^^^^^^
  File "C:\Users\abhin\AppData\Local\Programs\Python\Python311\Lib\site-packages\sqlalchemy\dialects\postgresql\asyncpg.py", line 1164, in do_ping
    dbapi_connection.ping()
  File "C:\Users\abhin\AppData\Local\Programs\Python\Python311\Lib\site-packages\sqlalchemy\dialects\postgresql\asyncpg.py", line 818, in ping
    self._handle_exception(error)
  File "C:\Users\abhin\AppData\Local\Programs\Python\Python311\Lib\site-packages\sqlalchemy\dialects\postgresql\asyncpg.py", line 799, in _handle_exception
    raise error
  File "C:\Users\abhin\AppData\Local\Programs\Python\Python311\Lib\site-packages\sqlalchemy\dialects\postgresql\asyncpg.py", line 816, in ping
    _ = self.await_(self._async_ping())
        ^^^^^^^^^^^^^^^^^^^^^^^^^^^^^^^
  File "C:\Users\abhin\AppData\Local\Programs\Python\Python311\Lib\site-packages\sqlalchemy\util\_concurrency_py3k.py", line 132, in await_only
    return current.parent.switch(awaitable)  # type: ignore[no-any-return,attr-defined] # noqa: E501
           ^^^^^^^^^^^^^^^^^^^^^^^^^^^^^^^^
  File "C:\Users\abhin\AppData\Local\Programs\Python\Python311\Lib\site-packages\sqlalchemy\util\_concurrency_py3k.py", line 196, in greenlet_spawn
    value = await result
            ^^^^^^^^^^^^
  File "C:\Users\abhin\AppData\Local\Programs\Python\Python311\Lib\site-packages\sqlalchemy\dialects\postgresql\asyncpg.py", line 825, in _async_ping
    await tr.start()
  File "C:\Users\abhin\AppData\Local\Programs\Python\Python311\Lib\site-packages\asyncpg\transaction.py", line 146, in start
    await self._connection.execute(query)
  File "C:\Users\abhin\AppData\Local\Programs\Python\Python311\Lib\site-packages\asyncpg\connection.py", line 354, in execute
    result = await self._protocol.query(query, timeout)
             ^^^^^^^^^^^^^^^^^^^^^^^^^^^^^^^^^^^^^^^^^^
  File "asyncpg/protocol/protocol.pyx", line 369, in query
  File "asyncpg/protocol/protocol.pyx", line 362, in asyncpg.protocol.protocol.BaseProtocol.query
  File "asyncpg/protocol/coreproto.pyx", line 1174, in asyncpg.protocol.protocol.CoreProtocol._simple_query
  File "asyncpg/protocol/protocol.pyx", line 956, in asyncpg.protocol.protocol.BaseProtocol._write
  File "C:\Users\abhin\AppData\Local\Programs\Python\Python311\Lib\asyncio\sslproto.py", line 222, in write
    self._ssl_protocol._write_appdata((data,))
  File "C:\Users\abhin\AppData\Local\Programs\Python\Python311\Lib\asyncio\sslproto.py", line 697, in _write_appdata
    self._fatal_error(ex, 'Fatal error on SSL protocol')
  File "C:\Users\abhin\AppData\Local\Programs\Python\Python311\Lib\asyncio\sslproto.py", line 915, in _fatal_error
    self._transport._force_close(exc)
  File "C:\Users\abhin\AppData\Local\Programs\Python\Python311\Lib\asyncio\proactor_events.py", line 152, in _force_close
    self._loop.call_soon(self._call_connection_lost, exc)
  File "C:\Users\abhin\AppData\Local\Programs\Python\Python311\Lib\asyncio\base_events.py", line 762, in call_soon
    self._check_closed()
  File "C:\Users\abhin\AppData\Local\Programs\Python\Python311\Lib\asyncio\base_events.py", line 520, in _check_closed
    raise RuntimeError('Event loop is closed')
RuntimeError: Event loop is closed
[2026-10-01 21:29:22,064: ERROR/MainProcess] task_failed
[2026-10-01 21:29:22,065: ERROR/MainProcess] Task experiments.run_experiment[e65a4c55-7b6c-4f53-9a4c-40be8818057b] raised unexpected: RuntimeError('Event loop is closed')
Traceback (most recent call last):
  File "D:\autoSage\backend\app\workers\tasks.py", line 75, in _run_coro_sync
    asyncio.get_running_loop()
RuntimeError: no running event loop

During handling of the above exception, another exception occurred:

Traceback (most recent call last):
  File "C:\Users\abhin\AppData\Local\Programs\Python\Python311\Lib\site-packages\celery\app\trace.py", line 585, in trace_task
    R = retval = fun(*args, **kwargs)
                 ^^^^^^^^^^^^^^^^^^^^
  File "C:\Users\abhin\AppData\Local\Programs\Python\Python311\Lib\site-packages\celery\app\trace.py", line 858, in __protected_call__
    return self.run(*args, **kwargs)
           ^^^^^^^^^^^^^^^^^^^^^^^^^
  File "D:\autoSage\backend\app\workers\tasks.py", line 465, in run_experiment
    return _run_coro_sync(_execute_async(self, experiment_id))
           ^^^^^^^^^^^^^^^^^^^^^^^^^^^^^^^^^^^^^^^^^^^^^^^^^^^
  File "D:\autoSage\backend\app\workers\tasks.py", line 77, in _run_coro_sync
    return asyncio.run(coro)
           ^^^^^^^^^^^^^^^^^
  File "C:\Users\abhin\AppData\Local\Programs\Python\Python311\Lib\asyncio\runners.py", line 190, in run
    return runner.run(main)
           ^^^^^^^^^^^^^^^^
  File "C:\Users\abhin\AppData\Local\Programs\Python\Python311\Lib\asyncio\runners.py", line 118, in run
    return self._loop.run_until_complete(task)
           ^^^^^^^^^^^^^^^^^^^^^^^^^^^^^^^^^^^
  File "C:\Users\abhin\AppData\Local\Programs\Python\Python311\Lib\asyncio\base_events.py", line 654, in run_until_complete
    return future.result()
           ^^^^^^^^^^^^^^^
  File "D:\autoSage\backend\app\workers\tasks.py", line 134, in _execute_async
    experiment = await _load_experiment(session, experiment_id)
                 ^^^^^^^^^^^^^^^^^^^^^^^^^^^^^^^^^^^^^^^^^^^^^^
  File "D:\autoSage\backend\app\workers\tasks.py", line 110, in _load_experiment
    return await repo.get_by_id(UUID(experiment_id))
           ^^^^^^^^^^^^^^^^^^^^^^^^^^^^^^^^^^^^^^^^^
  File "D:\autoSage\backend\app\repositories\base.py", line 26, in get_by_id
    return await self.session.get(self.model, entity_id)
           ^^^^^^^^^^^^^^^^^^^^^^^^^^^^^^^^^^^^^^^^^^^^^
  File "C:\Users\abhin\AppData\Local\Programs\Python\Python311\Lib\site-packages\sqlalchemy\ext\asyncio\session.py", line 592, in get
    return await greenlet_spawn(
           ^^^^^^^^^^^^^^^^^^^^^
  File "C:\Users\abhin\AppData\Local\Programs\Python\Python311\Lib\site-packages\sqlalchemy\util\_concurrency_py3k.py", line 201, in greenlet_spawn
    result = context.throw(*sys.exc_info())
             ^^^^^^^^^^^^^^^^^^^^^^^^^^^^^^
  File "C:\Users\abhin\AppData\Local\Programs\Python\Python311\Lib\site-packages\sqlalchemy\orm\session.py", line 3702, in get
    return self._get_impl(
           ^^^^^^^^^^^^^^^
  File "C:\Users\abhin\AppData\Local\Programs\Python\Python311\Lib\site-packages\sqlalchemy\orm\session.py", line 3881, in _get_impl
    return db_load_fn(
           ^^^^^^^^^^^
  File "C:\Users\abhin\AppData\Local\Programs\Python\Python311\Lib\site-packages\sqlalchemy\orm\loading.py", line 695, in load_on_pk_identity
    session.execute(
  File "C:\Users\abhin\AppData\Local\Programs\Python\Python311\Lib\site-packages\sqlalchemy\orm\session.py", line 2373, in execute
    return self._execute_internal(
           ^^^^^^^^^^^^^^^^^^^^^^^
  File "C:\Users\abhin\AppData\Local\Programs\Python\Python311\Lib\site-packages\sqlalchemy\orm\session.py", line 2261, in _execute_internal
    conn = self._connection_for_bind(bind)
           ^^^^^^^^^^^^^^^^^^^^^^^^^^^^^^^
  File "C:\Users\abhin\AppData\Local\Programs\Python\Python311\Lib\site-packages\sqlalchemy\orm\session.py", line 2113, in _connection_for_bind
    return trans._connection_for_bind(engine, execution_options)
           ^^^^^^^^^^^^^^^^^^^^^^^^^^^^^^^^^^^^^^^^^^^^^^^^^^^^^
  File "<string>", line 2, in _connection_for_bind
  File "C:\Users\abhin\AppData\Local\Programs\Python\Python311\Lib\site-packages\sqlalchemy\orm\state_changes.py", line 137, in _go
    ret_value = fn(self, *arg, **kw)
                ^^^^^^^^^^^^^^^^^^^^
  File "C:\Users\abhin\AppData\Local\Programs\Python\Python311\Lib\site-packages\sqlalchemy\orm\session.py", line 1191, in _connection_for_bind
    conn = bind.connect()
           ^^^^^^^^^^^^^^
  File "C:\Users\abhin\AppData\Local\Programs\Python\Python311\Lib\site-packages\sqlalchemy\engine\base.py", line 3295, in connect
    return self._connection_cls(self)
           ^^^^^^^^^^^^^^^^^^^^^^^^^^
  File "C:\Users\abhin\AppData\Local\Programs\Python\Python311\Lib\site-packages\sqlalchemy\engine\base.py", line 144, in __init__
    self._dbapi_connection = engine.raw_connection()
                             ^^^^^^^^^^^^^^^^^^^^^^^
  File "C:\Users\abhin\AppData\Local\Programs\Python\Python311\Lib\site-packages\sqlalchemy\engine\base.py", line 3319, in raw_connection
    return self.pool.connect()
           ^^^^^^^^^^^^^^^^^^^
  File "C:\Users\abhin\AppData\Local\Programs\Python\Python311\Lib\site-packages\sqlalchemy\pool\base.py", line 448, in connect
    return _ConnectionFairy._checkout(self)
           ^^^^^^^^^^^^^^^^^^^^^^^^^^^^^^^^
  File "C:\Users\abhin\AppData\Local\Programs\Python\Python311\Lib\site-packages\sqlalchemy\pool\base.py", line 1389, in _checkout
    with util.safe_reraise():
  File "C:\Users\abhin\AppData\Local\Programs\Python\Python311\Lib\site-packages\sqlalchemy\util\langhelpers.py", line 122, in __exit__
    raise exc_value.with_traceback(exc_tb)
  File "C:\Users\abhin\AppData\Local\Programs\Python\Python311\Lib\site-packages\sqlalchemy\pool\base.py", line 1327, in _checkout
    result = pool._dialect._do_ping_w_event(
             ^^^^^^^^^^^^^^^^^^^^^^^^^^^^^^^
  File "C:\Users\abhin\AppData\Local\Programs\Python\Python311\Lib\site-packages\sqlalchemy\engine\default.py", line 729, in _do_ping_w_event
    return self.do_ping(dbapi_connection)
           ^^^^^^^^^^^^^^^^^^^^^^^^^^^^^^
  File "C:\Users\abhin\AppData\Local\Programs\Python\Python311\Lib\site-packages\sqlalchemy\dialects\postgresql\asyncpg.py", line 1164, in do_ping
    dbapi_connection.ping()
  File "C:\Users\abhin\AppData\Local\Programs\Python\Python311\Lib\site-packages\sqlalchemy\dialects\postgresql\asyncpg.py", line 818, in ping
    self._handle_exception(error)
  File "C:\Users\abhin\AppData\Local\Programs\Python\Python311\Lib\site-packages\sqlalchemy\dialects\postgresql\asyncpg.py", line 799, in _handle_exception
    raise error
  File "C:\Users\abhin\AppData\Local\Programs\Python\Python311\Lib\site-packages\sqlalchemy\dialects\postgresql\asyncpg.py", line 816, in ping
    _ = self.await_(self._async_ping())
        ^^^^^^^^^^^^^^^^^^^^^^^^^^^^^^^
  File "C:\Users\abhin\AppData\Local\Programs\Python\Python311\Lib\site-packages\sqlalchemy\util\_concurrency_py3k.py", line 132, in await_only
    return current.parent.switch(awaitable)  # type: ignore[no-any-return,attr-defined] # noqa: E501
           ^^^^^^^^^^^^^^^^^^^^^^^^^^^^^^^^
  File "C:\Users\abhin\AppData\Local\Programs\Python\Python311\Lib\site-packages\sqlalchemy\util\_concurrency_py3k.py", line 196, in greenlet_spawn
    value = await result
            ^^^^^^^^^^^^
  File "C:\Users\abhin\AppData\Local\Programs\Python\Python311\Lib\site-packages\sqlalchemy\dialects\postgresql\asyncpg.py", line 825, in _async_ping
    await tr.start()
  File "C:\Users\abhin\AppData\Local\Programs\Python\Python311\Lib\site-packages\asyncpg\transaction.py", line 146, in start
    await self._connection.execute(query)
  File "C:\Users\abhin\AppData\Local\Programs\Python\Python311\Lib\site-packages\asyncpg\connection.py", line 354, in execute
    result = await self._protocol.query(query, timeout)
             ^^^^^^^^^^^^^^^^^^^^^^^^^^^^^^^^^^^^^^^^^^
  File "asyncpg/protocol/protocol.pyx", line 369, in query
  File "asyncpg/protocol/protocol.pyx", line 362, in asyncpg.protocol.protocol.BaseProtocol.query
  File "asyncpg/protocol/coreproto.pyx", line 1174, in asyncpg.protocol.protocol.CoreProtocol._simple_query
  File "asyncpg/protocol/protocol.pyx", line 956, in asyncpg.protocol.protocol.BaseProtocol._write
  File "C:\Users\abhin\AppData\Local\Programs\Python\Python311\Lib\asyncio\sslproto.py", line 222, in write
    self._ssl_protocol._write_appdata((data,))
  File "C:\Users\abhin\AppData\Local\Programs\Python\Python311\Lib\asyncio\sslproto.py", line 697, in _write_appdata
    self._fatal_error(ex, 'Fatal error on SSL protocol')
  File "C:\Users\abhin\AppData\Local\Programs\Python\Python311\Lib\asyncio\sslproto.py", line 915, in _fatal_error
    self._transport._force_close(exc)
  File "C:\Users\abhin\AppData\Local\Programs\Python\Python311\Lib\asyncio\proactor_events.py", line 152, in _force_close
    self._loop.call_soon(self._call_connection_lost, exc)
  File "C:\Users\abhin\AppData\Local\Programs\Python\Python311\Lib\asyncio\base_events.py", line 762, in call_soon
    self._check_closed()
  File "C:\Users\abhin\AppData\Local\Programs\Python\Python311\Lib\asyncio\base_events.py", line 520, in _check_closed
    raise RuntimeError('Event loop is closed')
RuntimeError: Event loop is closed
[2026-10-01 21:29:22,068: INFO/MainProcess] task_completed
[2026-10-01 21:29:22,074: INFO/MainProcess] Task experiments.run_experiment[fea2cd0d-1d7e-4749-bc75-1cd0b0f075b2] received
[2026-10-01 21:29:22,074: INFO/MainProcess] task_started
[2026-10-01 21:29:22,083: ERROR/MainProcess] Exception terminating connection <AdaptedConnection <asyncpg.connection.Connection object at 0x000002915D5AE6B0>>
Traceback (most recent call last):
  File "D:\autoSage\backend\app\workers\tasks.py", line 75, in _run_coro_sync
    asyncio.get_running_loop()
RuntimeError: no running event loop

During handling of the above exception, another exception occurred:

Traceback (most recent call last):
  File "C:\Users\abhin\AppData\Local\Programs\Python\Python311\Lib\site-packages\sqlalchemy\pool\base.py", line 373, in _close_connection
    self._dialect.do_terminate(connection)
  File "C:\Users\abhin\AppData\Local\Programs\Python\Python311\Lib\site-packages\sqlalchemy\dialects\postgresql\asyncpg.py", line 1131, in do_terminate
    dbapi_connection.terminate()
  File "C:\Users\abhin\AppData\Local\Programs\Python\Python311\Lib\site-packages\sqlalchemy\connectors\asyncio.py", line 402, in terminate
    self.await_(asyncio.shield(self._terminate_graceful_close()))  # type: ignore[attr-defined] # noqa: E501
    ^^^^^^^^^^^^^^^^^^^^^^^^^^^^^^^^^^^^^^^^^^^^^^^^^^^^^^^^^^^^^
  File "C:\Users\abhin\AppData\Local\Programs\Python\Python311\Lib\site-packages\sqlalchemy\util\_concurrency_py3k.py", line 132, in await_only
    return current.parent.switch(awaitable)  # type: ignore[no-any-return,attr-defined] # noqa: E501
           ^^^^^^^^^^^^^^^^^^^^^^^^^^^^^^^^
  File "C:\Users\abhin\AppData\Local\Programs\Python\Python311\Lib\site-packages\sqlalchemy\util\_concurrency_py3k.py", line 196, in greenlet_spawn
    value = await result
            ^^^^^^^^^^^^
  File "C:\Users\abhin\AppData\Local\Programs\Python\Python311\Lib\site-packages\sqlalchemy\dialects\postgresql\asyncpg.py", line 912, in _terminate_graceful_close
    await self._connection.close(timeout=2)
  File "C:\Users\abhin\AppData\Local\Programs\Python\Python311\Lib\site-packages\asyncpg\connection.py", line 1513, in close
    await self._protocol.close(timeout)
  File "asyncpg/protocol/protocol.pyx", line 617, in close
  File "asyncpg/protocol/protocol.pyx", line 650, in asyncpg.protocol.protocol.BaseProtocol._request_cancel
  File "C:\Users\abhin\AppData\Local\Programs\Python\Python311\Lib\site-packages\asyncpg\connection.py", line 1682, in _cancel_current_command
    self._cancellations.add(self._loop.create_task(self._cancel(waiter)))
                            ^^^^^^^^^^^^^^^^^^^^^^^^^^^^^^^^^^^^^^^^^^^^
  File "C:\Users\abhin\AppData\Local\Programs\Python\Python311\Lib\asyncio\base_events.py", line 435, in create_task
    self._check_closed()
  File "C:\Users\abhin\AppData\Local\Programs\Python\Python311\Lib\asyncio\base_events.py", line 520, in _check_closed
    raise RuntimeError('Event loop is closed')
RuntimeError: Event loop is closed
[2026-10-01 21:29:22,099: ERROR/MainProcess] task_failure
Traceback (most recent call last):
  File "D:\autoSage\backend\app\workers\tasks.py", line 75, in _run_coro_sync
    asyncio.get_running_loop()
RuntimeError: no running event loop

During handling of the above exception, another exception occurred:

Traceback (most recent call last):
  File "C:\Users\abhin\AppData\Local\Programs\Python\Python311\Lib\site-packages\celery\app\trace.py", line 585, in trace_task
    R = retval = fun(*args, **kwargs)
                 ^^^^^^^^^^^^^^^^^^^^
  File "C:\Users\abhin\AppData\Local\Programs\Python\Python311\Lib\site-packages\celery\app\trace.py", line 858, in __protected_call__
    return self.run(*args, **kwargs)
           ^^^^^^^^^^^^^^^^^^^^^^^^^
  File "D:\autoSage\backend\app\workers\tasks.py", line 465, in run_experiment
    return _run_coro_sync(_execute_async(self, experiment_id))
           ^^^^^^^^^^^^^^^^^^^^^^^^^^^^^^^^^^^^^^^^^^^^^^^^^^^
  File "D:\autoSage\backend\app\workers\tasks.py", line 77, in _run_coro_sync
    return asyncio.run(coro)
           ^^^^^^^^^^^^^^^^^
  File "C:\Users\abhin\AppData\Local\Programs\Python\Python311\Lib\asyncio\runners.py", line 190, in run
    return runner.run(main)
           ^^^^^^^^^^^^^^^^
  File "C:\Users\abhin\AppData\Local\Programs\Python\Python311\Lib\asyncio\runners.py", line 118, in run
    return self._loop.run_until_complete(task)
           ^^^^^^^^^^^^^^^^^^^^^^^^^^^^^^^^^^^
  File "C:\Users\abhin\AppData\Local\Programs\Python\Python311\Lib\asyncio\base_events.py", line 654, in run_until_complete
    return future.result()
           ^^^^^^^^^^^^^^^
  File "D:\autoSage\backend\app\workers\tasks.py", line 134, in _execute_async
    experiment = await _load_experiment(session, experiment_id)
                 ^^^^^^^^^^^^^^^^^^^^^^^^^^^^^^^^^^^^^^^^^^^^^^
  File "D:\autoSage\backend\app\workers\tasks.py", line 110, in _load_experiment
    return await repo.get_by_id(UUID(experiment_id))
           ^^^^^^^^^^^^^^^^^^^^^^^^^^^^^^^^^^^^^^^^^
  File "D:\autoSage\backend\app\repositories\base.py", line 26, in get_by_id
    return await self.session.get(self.model, entity_id)
           ^^^^^^^^^^^^^^^^^^^^^^^^^^^^^^^^^^^^^^^^^^^^^
  File "C:\Users\abhin\AppData\Local\Programs\Python\Python311\Lib\site-packages\sqlalchemy\ext\asyncio\session.py", line 592, in get
    return await greenlet_spawn(
           ^^^^^^^^^^^^^^^^^^^^^
  File "C:\Users\abhin\AppData\Local\Programs\Python\Python311\Lib\site-packages\sqlalchemy\util\_concurrency_py3k.py", line 201, in greenlet_spawn
    result = context.throw(*sys.exc_info())
             ^^^^^^^^^^^^^^^^^^^^^^^^^^^^^^
  File "C:\Users\abhin\AppData\Local\Programs\Python\Python311\Lib\site-packages\sqlalchemy\orm\session.py", line 3702, in get
    return self._get_impl(
           ^^^^^^^^^^^^^^^
  File "C:\Users\abhin\AppData\Local\Programs\Python\Python311\Lib\site-packages\sqlalchemy\orm\session.py", line 3881, in _get_impl
    return db_load_fn(
           ^^^^^^^^^^^
  File "C:\Users\abhin\AppData\Local\Programs\Python\Python311\Lib\site-packages\sqlalchemy\orm\loading.py", line 695, in load_on_pk_identity
    session.execute(
  File "C:\Users\abhin\AppData\Local\Programs\Python\Python311\Lib\site-packages\sqlalchemy\orm\session.py", line 2373, in execute
    return self._execute_internal(
           ^^^^^^^^^^^^^^^^^^^^^^^
  File "C:\Users\abhin\AppData\Local\Programs\Python\Python311\Lib\site-packages\sqlalchemy\orm\session.py", line 2261, in _execute_internal
    conn = self._connection_for_bind(bind)
           ^^^^^^^^^^^^^^^^^^^^^^^^^^^^^^^
  File "C:\Users\abhin\AppData\Local\Programs\Python\Python311\Lib\site-packages\sqlalchemy\orm\session.py", line 2113, in _connection_for_bind
    return trans._connection_for_bind(engine, execution_options)
           ^^^^^^^^^^^^^^^^^^^^^^^^^^^^^^^^^^^^^^^^^^^^^^^^^^^^^
  File "<string>", line 2, in _connection_for_bind
  File "C:\Users\abhin\AppData\Local\Programs\Python\Python311\Lib\site-packages\sqlalchemy\orm\state_changes.py", line 137, in _go
    ret_value = fn(self, *arg, **kw)
                ^^^^^^^^^^^^^^^^^^^^
  File "C:\Users\abhin\AppData\Local\Programs\Python\Python311\Lib\site-packages\sqlalchemy\orm\session.py", line 1191, in _connection_for_bind
    conn = bind.connect()
           ^^^^^^^^^^^^^^
  File "C:\Users\abhin\AppData\Local\Programs\Python\Python311\Lib\site-packages\sqlalchemy\engine\base.py", line 3295, in connect
    return self._connection_cls(self)
           ^^^^^^^^^^^^^^^^^^^^^^^^^^
  File "C:\Users\abhin\AppData\Local\Programs\Python\Python311\Lib\site-packages\sqlalchemy\engine\base.py", line 144, in __init__
    self._dbapi_connection = engine.raw_connection()
                             ^^^^^^^^^^^^^^^^^^^^^^^
  File "C:\Users\abhin\AppData\Local\Programs\Python\Python311\Lib\site-packages\sqlalchemy\engine\base.py", line 3319, in raw_connection
    return self.pool.connect()
           ^^^^^^^^^^^^^^^^^^^
  File "C:\Users\abhin\AppData\Local\Programs\Python\Python311\Lib\site-packages\sqlalchemy\pool\base.py", line 448, in connect
    return _ConnectionFairy._checkout(self)
           ^^^^^^^^^^^^^^^^^^^^^^^^^^^^^^^^
  File "C:\Users\abhin\AppData\Local\Programs\Python\Python311\Lib\site-packages\sqlalchemy\pool\base.py", line 1389, in _checkout
    with util.safe_reraise():
  File "C:\Users\abhin\AppData\Local\Programs\Python\Python311\Lib\site-packages\sqlalchemy\util\langhelpers.py", line 122, in __exit__
    raise exc_value.with_traceback(exc_tb)
  File "C:\Users\abhin\AppData\Local\Programs\Python\Python311\Lib\site-packages\sqlalchemy\pool\base.py", line 1327, in _checkout
    result = pool._dialect._do_ping_w_event(
             ^^^^^^^^^^^^^^^^^^^^^^^^^^^^^^^
  File "C:\Users\abhin\AppData\Local\Programs\Python\Python311\Lib\site-packages\sqlalchemy\engine\default.py", line 729, in _do_ping_w_event
    return self.do_ping(dbapi_connection)
           ^^^^^^^^^^^^^^^^^^^^^^^^^^^^^^
  File "C:\Users\abhin\AppData\Local\Programs\Python\Python311\Lib\site-packages\sqlalchemy\dialects\postgresql\asyncpg.py", line 1164, in do_ping
    dbapi_connection.ping()
  File "C:\Users\abhin\AppData\Local\Programs\Python\Python311\Lib\site-packages\sqlalchemy\dialects\postgresql\asyncpg.py", line 818, in ping
    self._handle_exception(error)
  File "C:\Users\abhin\AppData\Local\Programs\Python\Python311\Lib\site-packages\sqlalchemy\dialects\postgresql\asyncpg.py", line 799, in _handle_exception
    raise error
  File "C:\Users\abhin\AppData\Local\Programs\Python\Python311\Lib\site-packages\sqlalchemy\dialects\postgresql\asyncpg.py", line 816, in ping
    _ = self.await_(self._async_ping())
        ^^^^^^^^^^^^^^^^^^^^^^^^^^^^^^^
  File "C:\Users\abhin\AppData\Local\Programs\Python\Python311\Lib\site-packages\sqlalchemy\util\_concurrency_py3k.py", line 132, in await_only
    return current.parent.switch(awaitable)  # type: ignore[no-any-return,attr-defined] # noqa: E501
           ^^^^^^^^^^^^^^^^^^^^^^^^^^^^^^^^
  File "C:\Users\abhin\AppData\Local\Programs\Python\Python311\Lib\site-packages\sqlalchemy\util\_concurrency_py3k.py", line 196, in greenlet_spawn
    value = await result
            ^^^^^^^^^^^^
  File "C:\Users\abhin\AppData\Local\Programs\Python\Python311\Lib\site-packages\sqlalchemy\dialects\postgresql\asyncpg.py", line 825, in _async_ping
    await tr.start()
  File "C:\Users\abhin\AppData\Local\Programs\Python\Python311\Lib\site-packages\asyncpg\transaction.py", line 146, in start
    await self._connection.execute(query)
  File "C:\Users\abhin\AppData\Local\Programs\Python\Python311\Lib\site-packages\asyncpg\connection.py", line 354, in execute
    result = await self._protocol.query(query, timeout)
             ^^^^^^^^^^^^^^^^^^^^^^^^^^^^^^^^^^^^^^^^^^
  File "asyncpg/protocol/protocol.pyx", line 369, in query
  File "asyncpg/protocol/protocol.pyx", line 362, in asyncpg.protocol.protocol.BaseProtocol.query
  File "asyncpg/protocol/coreproto.pyx", line 1174, in asyncpg.protocol.protocol.CoreProtocol._simple_query
  File "asyncpg/protocol/protocol.pyx", line 956, in asyncpg.protocol.protocol.BaseProtocol._write
  File "C:\Users\abhin\AppData\Local\Programs\Python\Python311\Lib\asyncio\sslproto.py", line 222, in write
    self._ssl_protocol._write_appdata((data,))
  File "C:\Users\abhin\AppData\Local\Programs\Python\Python311\Lib\asyncio\sslproto.py", line 697, in _write_appdata
    self._fatal_error(ex, 'Fatal error on SSL protocol')
  File "C:\Users\abhin\AppData\Local\Programs\Python\Python311\Lib\asyncio\sslproto.py", line 915, in _fatal_error
    self._transport._force_close(exc)
  File "C:\Users\abhin\AppData\Local\Programs\Python\Python311\Lib\asyncio\proactor_events.py", line 152, in _force_close
    self._loop.call_soon(self._call_connection_lost, exc)
  File "C:\Users\abhin\AppData\Local\Programs\Python\Python311\Lib\asyncio\base_events.py", line 762, in call_soon
    self._check_closed()
  File "C:\Users\abhin\AppData\Local\Programs\Python\Python311\Lib\asyncio\base_events.py", line 520, in _check_closed
    raise RuntimeError('Event loop is closed')
RuntimeError: Event loop is closed
[2026-10-01 21:29:26,767: ERROR/MainProcess] task_failed
[2026-10-01 21:29:26,768: ERROR/MainProcess] Task experiments.run_experiment[fea2cd0d-1d7e-4749-bc75-1cd0b0f075b2] raised unexpected: RuntimeError('Event loop is closed')
Traceback (most recent call last):
  File "D:\autoSage\backend\app\workers\tasks.py", line 75, in _run_coro_sync
    asyncio.get_running_loop()
RuntimeError: no running event loop

During handling of the above exception, another exception occurred:

Traceback (most recent call last):
  File "C:\Users\abhin\AppData\Local\Programs\Python\Python311\Lib\site-packages\celery\app\trace.py", line 585, in trace_task
    R = retval = fun(*args, **kwargs)
                 ^^^^^^^^^^^^^^^^^^^^
  File "C:\Users\abhin\AppData\Local\Programs\Python\Python311\Lib\site-packages\celery\app\trace.py", line 858, in __protected_call__
    return self.run(*args, **kwargs)
           ^^^^^^^^^^^^^^^^^^^^^^^^^
  File "D:\autoSage\backend\app\workers\tasks.py", line 465, in run_experiment
    return _run_coro_sync(_execute_async(self, experiment_id))
           ^^^^^^^^^^^^^^^^^^^^^^^^^^^^^^^^^^^^^^^^^^^^^^^^^^^
  File "D:\autoSage\backend\app\workers\tasks.py", line 77, in _run_coro_sync
    return asyncio.run(coro)
           ^^^^^^^^^^^^^^^^^
  File "C:\Users\abhin\AppData\Local\Programs\Python\Python311\Lib\asyncio\runners.py", line 190, in run
    return runner.run(main)
           ^^^^^^^^^^^^^^^^
  File "C:\Users\abhin\AppData\Local\Programs\Python\Python311\Lib\asyncio\runners.py", line 118, in run
    return self._loop.run_until_complete(task)
           ^^^^^^^^^^^^^^^^^^^^^^^^^^^^^^^^^^^
  File "C:\Users\abhin\AppData\Local\Programs\Python\Python311\Lib\asyncio\base_events.py", line 654, in run_until_complete
    return future.result()
           ^^^^^^^^^^^^^^^
  File "D:\autoSage\backend\app\workers\tasks.py", line 134, in _execute_async
    experiment = await _load_experiment(session, experiment_id)
                 ^^^^^^^^^^^^^^^^^^^^^^^^^^^^^^^^^^^^^^^^^^^^^^
  File "D:\autoSage\backend\app\workers\tasks.py", line 110, in _load_experiment
    return await repo.get_by_id(UUID(experiment_id))
           ^^^^^^^^^^^^^^^^^^^^^^^^^^^^^^^^^^^^^^^^^
  File "D:\autoSage\backend\app\repositories\base.py", line 26, in get_by_id
    return await self.session.get(self.model, entity_id)
           ^^^^^^^^^^^^^^^^^^^^^^^^^^^^^^^^^^^^^^^^^^^^^
  File "C:\Users\abhin\AppData\Local\Programs\Python\Python311\Lib\site-packages\sqlalchemy\ext\asyncio\session.py", line 592, in get
    return await greenlet_spawn(
           ^^^^^^^^^^^^^^^^^^^^^
  File "C:\Users\abhin\AppData\Local\Programs\Python\Python311\Lib\site-packages\sqlalchemy\util\_concurrency_py3k.py", line 201, in greenlet_spawn
    result = context.throw(*sys.exc_info())
             ^^^^^^^^^^^^^^^^^^^^^^^^^^^^^^
  File "C:\Users\abhin\AppData\Local\Programs\Python\Python311\Lib\site-packages\sqlalchemy\orm\session.py", line 3702, in get
    return self._get_impl(
           ^^^^^^^^^^^^^^^
  File "C:\Users\abhin\AppData\Local\Programs\Python\Python311\Lib\site-packages\sqlalchemy\orm\session.py", line 3881, in _get_impl
    return db_load_fn(
           ^^^^^^^^^^^
  File "C:\Users\abhin\AppData\Local\Programs\Python\Python311\Lib\site-packages\sqlalchemy\orm\loading.py", line 695, in load_on_pk_identity
    session.execute(
  File "C:\Users\abhin\AppData\Local\Programs\Python\Python311\Lib\site-packages\sqlalchemy\orm\session.py", line 2373, in execute
    return self._execute_internal(
           ^^^^^^^^^^^^^^^^^^^^^^^
  File "C:\Users\abhin\AppData\Local\Programs\Python\Python311\Lib\site-packages\sqlalchemy\orm\session.py", line 2261, in _execute_internal
    conn = self._connection_for_bind(bind)
           ^^^^^^^^^^^^^^^^^^^^^^^^^^^^^^^
  File "C:\Users\abhin\AppData\Local\Programs\Python\Python311\Lib\site-packages\sqlalchemy\orm\session.py", line 2113, in _connection_for_bind
    return trans._connection_for_bind(engine, execution_options)
           ^^^^^^^^^^^^^^^^^^^^^^^^^^^^^^^^^^^^^^^^^^^^^^^^^^^^^
  File "<string>", line 2, in _connection_for_bind
  File "C:\Users\abhin\AppData\Local\Programs\Python\Python311\Lib\site-packages\sqlalchemy\orm\state_changes.py", line 137, in _go
    ret_value = fn(self, *arg, **kw)
                ^^^^^^^^^^^^^^^^^^^^
  File "C:\Users\abhin\AppData\Local\Programs\Python\Python311\Lib\site-packages\sqlalchemy\orm\session.py", line 1191, in _connection_for_bind
    conn = bind.connect()
           ^^^^^^^^^^^^^^
  File "C:\Users\abhin\AppData\Local\Programs\Python\Python311\Lib\site-packages\sqlalchemy\engine\base.py", line 3295, in connect
    return self._connection_cls(self)
           ^^^^^^^^^^^^^^^^^^^^^^^^^^
  File "C:\Users\abhin\AppData\Local\Programs\Python\Python311\Lib\site-packages\sqlalchemy\engine\base.py", line 144, in __init__
    self._dbapi_connection = engine.raw_connection()
                             ^^^^^^^^^^^^^^^^^^^^^^^
  File "C:\Users\abhin\AppData\Local\Programs\Python\Python311\Lib\site-packages\sqlalchemy\engine\base.py", line 3319, in raw_connection
    return self.pool.connect()
           ^^^^^^^^^^^^^^^^^^^
  File "C:\Users\abhin\AppData\Local\Programs\Python\Python311\Lib\site-packages\sqlalchemy\pool\base.py", line 448, in connect
    return _ConnectionFairy._checkout(self)
           ^^^^^^^^^^^^^^^^^^^^^^^^^^^^^^^^
  File "C:\Users\abhin\AppData\Local\Programs\Python\Python311\Lib\site-packages\sqlalchemy\pool\base.py", line 1389, in _checkout
    with util.safe_reraise():
  File "C:\Users\abhin\AppData\Local\Programs\Python\Python311\Lib\site-packages\sqlalchemy\util\langhelpers.py", line 122, in __exit__
    raise exc_value.with_traceback(exc_tb)
  File "C:\Users\abhin\AppData\Local\Programs\Python\Python311\Lib\site-packages\sqlalchemy\pool\base.py", line 1327, in _checkout
    result = pool._dialect._do_ping_w_event(
             ^^^^^^^^^^^^^^^^^^^^^^^^^^^^^^^
  File "C:\Users\abhin\AppData\Local\Programs\Python\Python311\Lib\site-packages\sqlalchemy\engine\default.py", line 729, in _do_ping_w_event
    return self.do_ping(dbapi_connection)
           ^^^^^^^^^^^^^^^^^^^^^^^^^^^^^^
  File "C:\Users\abhin\AppData\Local\Programs\Python\Python311\Lib\site-packages\sqlalchemy\dialects\postgresql\asyncpg.py", line 1164, in do_ping
    dbapi_connection.ping()
  File "C:\Users\abhin\AppData\Local\Programs\Python\Python311\Lib\site-packages\sqlalchemy\dialects\postgresql\asyncpg.py", line 818, in ping
    self._handle_exception(error)
  File "C:\Users\abhin\AppData\Local\Programs\Python\Python311\Lib\site-packages\sqlalchemy\dialects\postgresql\asyncpg.py", line 799, in _handle_exception
    raise error
  File "C:\Users\abhin\AppData\Local\Programs\Python\Python311\Lib\site-packages\sqlalchemy\dialects\postgresql\asyncpg.py", line 816, in ping
    _ = self.await_(self._async_ping())
        ^^^^^^^^^^^^^^^^^^^^^^^^^^^^^^^
  File "C:\Users\abhin\AppData\Local\Programs\Python\Python311\Lib\site-packages\sqlalchemy\util\_concurrency_py3k.py", line 132, in await_only
    return current.parent.switch(awaitable)  # type: ignore[no-any-return,attr-defined] # noqa: E501
           ^^^^^^^^^^^^^^^^^^^^^^^^^^^^^^^^
  File "C:\Users\abhin\AppData\Local\Programs\Python\Python311\Lib\site-packages\sqlalchemy\util\_concurrency_py3k.py", line 196, in greenlet_spawn
    value = await result
            ^^^^^^^^^^^^
  File "C:\Users\abhin\AppData\Local\Programs\Python\Python311\Lib\site-packages\sqlalchemy\dialects\postgresql\asyncpg.py", line 825, in _async_ping
    await tr.start()
  File "C:\Users\abhin\AppData\Local\Programs\Python\Python311\Lib\site-packages\asyncpg\transaction.py", line 146, in start
    await self._connection.execute(query)
  File "C:\Users\abhin\AppData\Local\Programs\Python\Python311\Lib\site-packages\asyncpg\connection.py", line 354, in execute
    result = await self._protocol.query(query, timeout)
             ^^^^^^^^^^^^^^^^^^^^^^^^^^^^^^^^^^^^^^^^^^
  File "asyncpg/protocol/protocol.pyx", line 369, in query
  File "asyncpg/protocol/protocol.pyx", line 362, in asyncpg.protocol.protocol.BaseProtocol.query
  File "asyncpg/protocol/coreproto.pyx", line 1174, in asyncpg.protocol.protocol.CoreProtocol._simple_query
  File "asyncpg/protocol/protocol.pyx", line 956, in asyncpg.protocol.protocol.BaseProtocol._write
  File "C:\Users\abhin\AppData\Local\Programs\Python\Python311\Lib\asyncio\sslproto.py", line 222, in write
    self._ssl_protocol._write_appdata((data,))
  File "C:\Users\abhin\AppData\Local\Programs\Python\Python311\Lib\asyncio\sslproto.py", line 697, in _write_appdata
    self._fatal_error(ex, 'Fatal error on SSL protocol')
  File "C:\Users\abhin\AppData\Local\Programs\Python\Python311\Lib\asyncio\sslproto.py", line 915, in _fatal_error
    self._transport._force_close(exc)
  File "C:\Users\abhin\AppData\Local\Programs\Python\Python311\Lib\asyncio\proactor_events.py", line 152, in _force_close
    self._loop.call_soon(self._call_connection_lost, exc)
  File "C:\Users\abhin\AppData\Local\Programs\Python\Python311\Lib\asyncio\base_events.py", line 762, in call_soon
    self._check_closed()
  File "C:\Users\abhin\AppData\Local\Programs\Python\Python311\Lib\asyncio\base_events.py", line 520, in _check_closed
    raise RuntimeError('Event loop is closed')
RuntimeError: Event loop is closed
[2026-10-01 21:29:26,770: INFO/MainProcess] task_completed
[2026-10-03 00:52:50,067: INFO/MainProcess] Task experiments.run_experiment[dbbbd30d-05c1-4b79-be72-bf3388b59e93] received
[2026-10-03 00:52:50,083: INFO/MainProcess] task_started
[2026-10-03 00:52:50,168: ERROR/MainProcess] Exception terminating connection <AdaptedConnection <asyncpg.connection.Connection object at 0x000002915D9AB3D0>>
Traceback (most recent call last):
  File "D:\autoSage\backend\app\workers\tasks.py", line 75, in _run_coro_sync
    asyncio.get_running_loop()
RuntimeError: no running event loop

During handling of the above exception, another exception occurred:

Traceback (most recent call last):
  File "C:\Users\abhin\AppData\Local\Programs\Python\Python311\Lib\site-packages\sqlalchemy\pool\base.py", line 373, in _close_connection
    self._dialect.do_terminate(connection)
  File "C:\Users\abhin\AppData\Local\Programs\Python\Python311\Lib\site-packages\sqlalchemy\dialects\postgresql\asyncpg.py", line 1131, in do_terminate
    dbapi_connection.terminate()
  File "C:\Users\abhin\AppData\Local\Programs\Python\Python311\Lib\site-packages\sqlalchemy\connectors\asyncio.py", line 402, in terminate
    self.await_(asyncio.shield(self._terminate_graceful_close()))  # type: ignore[attr-defined] # noqa: E501
    ^^^^^^^^^^^^^^^^^^^^^^^^^^^^^^^^^^^^^^^^^^^^^^^^^^^^^^^^^^^^^
  File "C:\Users\abhin\AppData\Local\Programs\Python\Python311\Lib\site-packages\sqlalchemy\util\_concurrency_py3k.py", line 132, in await_only
    return current.parent.switch(awaitable)  # type: ignore[no-any-return,attr-defined] # noqa: E501
           ^^^^^^^^^^^^^^^^^^^^^^^^^^^^^^^^
  File "C:\Users\abhin\AppData\Local\Programs\Python\Python311\Lib\site-packages\sqlalchemy\util\_concurrency_py3k.py", line 196, in greenlet_spawn
    value = await result
            ^^^^^^^^^^^^
  File "C:\Users\abhin\AppData\Local\Programs\Python\Python311\Lib\site-packages\sqlalchemy\dialects\postgresql\asyncpg.py", line 912, in _terminate_graceful_close
    await self._connection.close(timeout=2)
  File "C:\Users\abhin\AppData\Local\Programs\Python\Python311\Lib\site-packages\asyncpg\connection.py", line 1513, in close
    await self._protocol.close(timeout)
  File "asyncpg/protocol/protocol.pyx", line 629, in close
  File "asyncpg/protocol/protocol.pyx", line 768, in asyncpg.protocol.protocol.BaseProtocol._new_waiter
  File "C:\Users\abhin\AppData\Local\Programs\Python\Python311\Lib\asyncio\base_events.py", line 728, in call_later
    timer = self.call_at(self.time() + delay, callback, *args,
            ^^^^^^^^^^^^^^^^^^^^^^^^^^^^^^^^^^^^^^^^^^^^^^^^^^
  File "C:\Users\abhin\AppData\Local\Programs\Python\Python311\Lib\asyncio\base_events.py", line 741, in call_at
    self._check_closed()
  File "C:\Users\abhin\AppData\Local\Programs\Python\Python311\Lib\asyncio\base_events.py", line 520, in _check_closed
    raise RuntimeError('Event loop is closed')
RuntimeError: Event loop is closed
[2026-10-03 00:53:19,647: WARNING/MainProcess] C:\Users\abhin\AppData\Local\Programs\Python\Python311\Lib\site-packages\pydantic\main.py:542: UserWarning: Pydantic serializer warnings:
  PydanticSerializationUnexpectedValue(Expected `dict[str, any]` - serialized value may not be as expected [field_name='payload', input_value=ExperimentStartedPayload(...ance_handling': 'none'}), input_type=ExperimentStartedPayload])
  return self.__pydantic_serializer__.to_json(

[2026-10-03 00:53:22,239: WARNING/MainProcess] C:\Users\abhin\AppData\Local\Programs\Python\Python311\Lib\dataclasses.py:433: RuntimeWarning: coroutine 'Connection._cancel' was never awaited
  exec(txt, globals, ns)

[2026-10-03 00:53:30,243: WARNING/MainProcess] 2026/10/03 00:53:30 INFO mlflow.agent.hint: Load the `instrumenting-with-mlflow-tracing` skill at C:\Users\abhin\AppData\Local\Programs\Python\Python311\Lib\site-packages\mlflow\assistant\skills\instrumenting-with-mlflow-tracing\SKILL.md before writing any tracing code; it ships with this MLflow install. Set MLFLOW_DISABLE_AGENT_HINT=1 to silence this.
[2026-10-03 00:53:35,491: ERROR/MainProcess] experiment_failed
Traceback (most recent call last):
  File "D:\autoSage\backend\app\workers\tasks.py", line 75, in _run_coro_sync
    asyncio.get_running_loop()
RuntimeError: no running event loop

During handling of the above exception, another exception occurred:

Traceback (most recent call last):
  File "D:\autoSage\backend\app\workers\tasks.py", line 208, in _execute_async
    tracker = get_mlflow_tracker()
              ^^^^^^^^^^^^^^^^^^^^
  File "D:\autoSage\backend\app\engine\mlflow\client.py", line 180, in get_mlflow_tracker
    _mlflow_tracker = MLflowTracker(tracking_uri, experiment_name)
                      ^^^^^^^^^^^^^^^^^^^^^^^^^^^^^^^^^^^^^^^^^^^^
  File "D:\autoSage\backend\app\engine\mlflow\client.py", line 44, in __init__
    self._experiment_id = self._get_or_create_experiment()
                          ^^^^^^^^^^^^^^^^^^^^^^^^^^^^^^^^
  File "D:\autoSage\backend\app\engine\mlflow\client.py", line 51, in _get_or_create_experiment
    logger.info("mlflow_experiment_created", extra={"experiment_id": experiment_id, "name": self.experiment_name})
  File "C:\Users\abhin\AppData\Local\Programs\Python\Python311\Lib\logging\__init__.py", line 1489, in info
    self._log(INFO, msg, args, **kwargs)
  File "C:\Users\abhin\AppData\Local\Programs\Python\Python311\Lib\logging\__init__.py", line 1632, in _log
    record = self.makeRecord(self.name, level, fn, lno, msg, args,
             ^^^^^^^^^^^^^^^^^^^^^^^^^^^^^^^^^^^^^^^^^^^^^^^^^^^^^
  File "C:\Users\abhin\AppData\Local\Programs\Python\Python311\Lib\logging\__init__.py", line 1606, in makeRecord
    raise KeyError("Attempt to overwrite %r in LogRecord" % key)
KeyError: "Attempt to overwrite 'name' in LogRecord"
[2026-10-03 00:53:46,039: WARNING/MainProcess] C:\Users\abhin\AppData\Local\Programs\Python\Python311\Lib\site-packages\pydantic\main.py:542: UserWarning: Pydantic serializer warnings:
  PydanticSerializationUnexpectedValue(Expected `dict[str, any]` - serialized value may not be as expected [field_name='payload', input_value=ExperimentFailedPayload(e...ries=3, will_retry=True), input_type=ExperimentFailedPayload])
  return self.__pydantic_serializer__.to_json(

[2026-10-03 00:53:58,369: INFO/MainProcess] experiment_retrying
[2026-10-03 00:53:58,817: INFO/MainProcess] task_retry
[2026-10-03 00:53:58,818: WARNING/MainProcess] task_retrying
[2026-10-03 00:53:58,818: INFO/MainProcess] Task experiments.run_experiment[dbbbd30d-05c1-4b79-be72-bf3388b59e93] retry: Retry in 60s: KeyError("Attempt to overwrite 'name' in LogRecord")
[2026-10-03 00:53:58,818: INFO/MainProcess] task_completed
[2026-10-03 00:53:58,825: INFO/MainProcess] Task experiments.run_experiment[dbbbd30d-05c1-4b79-be72-bf3388b59e93] received
[2026-10-03 00:54:58,373: INFO/MainProcess] task_started
[2026-10-03 00:54:58,420: ERROR/MainProcess] Exception terminating connection <AdaptedConnection <asyncpg.connection.Connection object at 0x000002915EE498A0>>
Traceback (most recent call last):
  File "D:\autoSage\backend\app\workers\tasks.py", line 75, in _run_coro_sync
    asyncio.get_running_loop()
RuntimeError: no running event loop

During handling of the above exception, another exception occurred:

Traceback (most recent call last):
  File "C:\Users\abhin\AppData\Local\Programs\Python\Python311\Lib\site-packages\sqlalchemy\pool\base.py", line 373, in _close_connection
    self._dialect.do_terminate(connection)
  File "C:\Users\abhin\AppData\Local\Programs\Python\Python311\Lib\site-packages\sqlalchemy\dialects\postgresql\asyncpg.py", line 1131, in do_terminate
    dbapi_connection.terminate()
  File "C:\Users\abhin\AppData\Local\Programs\Python\Python311\Lib\site-packages\sqlalchemy\connectors\asyncio.py", line 402, in terminate
    self.await_(asyncio.shield(self._terminate_graceful_close()))  # type: ignore[attr-defined] # noqa: E501
    ^^^^^^^^^^^^^^^^^^^^^^^^^^^^^^^^^^^^^^^^^^^^^^^^^^^^^^^^^^^^^
  File "C:\Users\abhin\AppData\Local\Programs\Python\Python311\Lib\site-packages\sqlalchemy\util\_concurrency_py3k.py", line 132, in await_only
    return current.parent.switch(awaitable)  # type: ignore[no-any-return,attr-defined] # noqa: E501
           ^^^^^^^^^^^^^^^^^^^^^^^^^^^^^^^^
  File "C:\Users\abhin\AppData\Local\Programs\Python\Python311\Lib\site-packages\sqlalchemy\util\_concurrency_py3k.py", line 196, in greenlet_spawn
    value = await result
            ^^^^^^^^^^^^
  File "C:\Users\abhin\AppData\Local\Programs\Python\Python311\Lib\site-packages\sqlalchemy\dialects\postgresql\asyncpg.py", line 912, in _terminate_graceful_close
    await self._connection.close(timeout=2)
  File "C:\Users\abhin\AppData\Local\Programs\Python\Python311\Lib\site-packages\asyncpg\connection.py", line 1513, in close
    await self._protocol.close(timeout)
  File "asyncpg/protocol/protocol.pyx", line 617, in close
  File "asyncpg/protocol/protocol.pyx", line 650, in asyncpg.protocol.protocol.BaseProtocol._request_cancel
  File "C:\Users\abhin\AppData\Local\Programs\Python\Python311\Lib\site-packages\asyncpg\connection.py", line 1682, in _cancel_current_command
    self._cancellations.add(self._loop.create_task(self._cancel(waiter)))
                            ^^^^^^^^^^^^^^^^^^^^^^^^^^^^^^^^^^^^^^^^^^^^
  File "C:\Users\abhin\AppData\Local\Programs\Python\Python311\Lib\asyncio\base_events.py", line 435, in create_task
    self._check_closed()
  File "C:\Users\abhin\AppData\Local\Programs\Python\Python311\Lib\asyncio\base_events.py", line 520, in _check_closed
    raise RuntimeError('Event loop is closed')
RuntimeError: Event loop is closed
[2026-10-03 00:54:58,443: ERROR/MainProcess] task_failure
Traceback (most recent call last):
  File "D:\autoSage\backend\app\workers\tasks.py", line 75, in _run_coro_sync
    asyncio.get_running_loop()
RuntimeError: no running event loop

During handling of the above exception, another exception occurred:

Traceback (most recent call last):
  File "C:\Users\abhin\AppData\Local\Programs\Python\Python311\Lib\site-packages\celery\app\trace.py", line 585, in trace_task
    R = retval = fun(*args, **kwargs)
                 ^^^^^^^^^^^^^^^^^^^^
  File "C:\Users\abhin\AppData\Local\Programs\Python\Python311\Lib\site-packages\celery\app\trace.py", line 858, in __protected_call__
    return self.run(*args, **kwargs)
           ^^^^^^^^^^^^^^^^^^^^^^^^^
  File "D:\autoSage\backend\app\workers\tasks.py", line 465, in run_experiment
    return _run_coro_sync(_execute_async(self, experiment_id))
           ^^^^^^^^^^^^^^^^^^^^^^^^^^^^^^^^^^^^^^^^^^^^^^^^^^^
  File "D:\autoSage\backend\app\workers\tasks.py", line 77, in _run_coro_sync
    return asyncio.run(coro)
           ^^^^^^^^^^^^^^^^^
  File "C:\Users\abhin\AppData\Local\Programs\Python\Python311\Lib\asyncio\runners.py", line 190, in run
    return runner.run(main)
           ^^^^^^^^^^^^^^^^
  File "C:\Users\abhin\AppData\Local\Programs\Python\Python311\Lib\asyncio\runners.py", line 118, in run
    return self._loop.run_until_complete(task)
           ^^^^^^^^^^^^^^^^^^^^^^^^^^^^^^^^^^^
  File "C:\Users\abhin\AppData\Local\Programs\Python\Python311\Lib\asyncio\base_events.py", line 654, in run_until_complete
    return future.result()
           ^^^^^^^^^^^^^^^
  File "D:\autoSage\backend\app\workers\tasks.py", line 134, in _execute_async
    experiment = await _load_experiment(session, experiment_id)
                 ^^^^^^^^^^^^^^^^^^^^^^^^^^^^^^^^^^^^^^^^^^^^^^
  File "D:\autoSage\backend\app\workers\tasks.py", line 110, in _load_experiment
    return await repo.get_by_id(UUID(experiment_id))
           ^^^^^^^^^^^^^^^^^^^^^^^^^^^^^^^^^^^^^^^^^
  File "D:\autoSage\backend\app\repositories\base.py", line 26, in get_by_id
    return await self.session.get(self.model, entity_id)
           ^^^^^^^^^^^^^^^^^^^^^^^^^^^^^^^^^^^^^^^^^^^^^
  File "C:\Users\abhin\AppData\Local\Programs\Python\Python311\Lib\site-packages\sqlalchemy\ext\asyncio\session.py", line 592, in get
    return await greenlet_spawn(
           ^^^^^^^^^^^^^^^^^^^^^
  File "C:\Users\abhin\AppData\Local\Programs\Python\Python311\Lib\site-packages\sqlalchemy\util\_concurrency_py3k.py", line 201, in greenlet_spawn
    result = context.throw(*sys.exc_info())
             ^^^^^^^^^^^^^^^^^^^^^^^^^^^^^^
  File "C:\Users\abhin\AppData\Local\Programs\Python\Python311\Lib\site-packages\sqlalchemy\orm\session.py", line 3702, in get
    return self._get_impl(
           ^^^^^^^^^^^^^^^
  File "C:\Users\abhin\AppData\Local\Programs\Python\Python311\Lib\site-packages\sqlalchemy\orm\session.py", line 3881, in _get_impl
    return db_load_fn(
           ^^^^^^^^^^^
  File "C:\Users\abhin\AppData\Local\Programs\Python\Python311\Lib\site-packages\sqlalchemy\orm\loading.py", line 695, in load_on_pk_identity
    session.execute(
  File "C:\Users\abhin\AppData\Local\Programs\Python\Python311\Lib\site-packages\sqlalchemy\orm\session.py", line 2373, in execute
    return self._execute_internal(
           ^^^^^^^^^^^^^^^^^^^^^^^
  File "C:\Users\abhin\AppData\Local\Programs\Python\Python311\Lib\site-packages\sqlalchemy\orm\session.py", line 2261, in _execute_internal
    conn = self._connection_for_bind(bind)
           ^^^^^^^^^^^^^^^^^^^^^^^^^^^^^^^
  File "C:\Users\abhin\AppData\Local\Programs\Python\Python311\Lib\site-packages\sqlalchemy\orm\session.py", line 2113, in _connection_for_bind
    return trans._connection_for_bind(engine, execution_options)
           ^^^^^^^^^^^^^^^^^^^^^^^^^^^^^^^^^^^^^^^^^^^^^^^^^^^^^
  File "<string>", line 2, in _connection_for_bind
  File "C:\Users\abhin\AppData\Local\Programs\Python\Python311\Lib\site-packages\sqlalchemy\orm\state_changes.py", line 137, in _go
    ret_value = fn(self, *arg, **kw)
                ^^^^^^^^^^^^^^^^^^^^
  File "C:\Users\abhin\AppData\Local\Programs\Python\Python311\Lib\site-packages\sqlalchemy\orm\session.py", line 1191, in _connection_for_bind
    conn = bind.connect()
           ^^^^^^^^^^^^^^
  File "C:\Users\abhin\AppData\Local\Programs\Python\Python311\Lib\site-packages\sqlalchemy\engine\base.py", line 3295, in connect
    return self._connection_cls(self)
           ^^^^^^^^^^^^^^^^^^^^^^^^^^
  File "C:\Users\abhin\AppData\Local\Programs\Python\Python311\Lib\site-packages\sqlalchemy\engine\base.py", line 144, in __init__
    self._dbapi_connection = engine.raw_connection()
                             ^^^^^^^^^^^^^^^^^^^^^^^
  File "C:\Users\abhin\AppData\Local\Programs\Python\Python311\Lib\site-packages\sqlalchemy\engine\base.py", line 3319, in raw_connection
    return self.pool.connect()
           ^^^^^^^^^^^^^^^^^^^
  File "C:\Users\abhin\AppData\Local\Programs\Python\Python311\Lib\site-packages\sqlalchemy\pool\base.py", line 448, in connect
    return _ConnectionFairy._checkout(self)
           ^^^^^^^^^^^^^^^^^^^^^^^^^^^^^^^^
  File "C:\Users\abhin\AppData\Local\Programs\Python\Python311\Lib\site-packages\sqlalchemy\pool\base.py", line 1389, in _checkout
    with util.safe_reraise():
  File "C:\Users\abhin\AppData\Local\Programs\Python\Python311\Lib\site-packages\sqlalchemy\util\langhelpers.py", line 122, in __exit__
    raise exc_value.with_traceback(exc_tb)
  File "C:\Users\abhin\AppData\Local\Programs\Python\Python311\Lib\site-packages\sqlalchemy\pool\base.py", line 1327, in _checkout
    result = pool._dialect._do_ping_w_event(
             ^^^^^^^^^^^^^^^^^^^^^^^^^^^^^^^
  File "C:\Users\abhin\AppData\Local\Programs\Python\Python311\Lib\site-packages\sqlalchemy\engine\default.py", line 729, in _do_ping_w_event
    return self.do_ping(dbapi_connection)
           ^^^^^^^^^^^^^^^^^^^^^^^^^^^^^^
  File "C:\Users\abhin\AppData\Local\Programs\Python\Python311\Lib\site-packages\sqlalchemy\dialects\postgresql\asyncpg.py", line 1164, in do_ping
    dbapi_connection.ping()
  File "C:\Users\abhin\AppData\Local\Programs\Python\Python311\Lib\site-packages\sqlalchemy\dialects\postgresql\asyncpg.py", line 818, in ping
    self._handle_exception(error)
  File "C:\Users\abhin\AppData\Local\Programs\Python\Python311\Lib\site-packages\sqlalchemy\dialects\postgresql\asyncpg.py", line 799, in _handle_exception
    raise error
  File "C:\Users\abhin\AppData\Local\Programs\Python\Python311\Lib\site-packages\sqlalchemy\dialects\postgresql\asyncpg.py", line 816, in ping
    _ = self.await_(self._async_ping())
        ^^^^^^^^^^^^^^^^^^^^^^^^^^^^^^^
  File "C:\Users\abhin\AppData\Local\Programs\Python\Python311\Lib\site-packages\sqlalchemy\util\_concurrency_py3k.py", line 132, in await_only
    return current.parent.switch(awaitable)  # type: ignore[no-any-return,attr-defined] # noqa: E501
           ^^^^^^^^^^^^^^^^^^^^^^^^^^^^^^^^
  File "C:\Users\abhin\AppData\Local\Programs\Python\Python311\Lib\site-packages\sqlalchemy\util\_concurrency_py3k.py", line 196, in greenlet_spawn
    value = await result
            ^^^^^^^^^^^^
  File "C:\Users\abhin\AppData\Local\Programs\Python\Python311\Lib\site-packages\sqlalchemy\dialects\postgresql\asyncpg.py", line 825, in _async_ping
    await tr.start()
  File "C:\Users\abhin\AppData\Local\Programs\Python\Python311\Lib\site-packages\asyncpg\transaction.py", line 146, in start
    await self._connection.execute(query)
  File "C:\Users\abhin\AppData\Local\Programs\Python\Python311\Lib\site-packages\asyncpg\connection.py", line 354, in execute
    result = await self._protocol.query(query, timeout)
             ^^^^^^^^^^^^^^^^^^^^^^^^^^^^^^^^^^^^^^^^^^
  File "asyncpg/protocol/protocol.pyx", line 369, in query
  File "asyncpg/protocol/protocol.pyx", line 362, in asyncpg.protocol.protocol.BaseProtocol.query
  File "asyncpg/protocol/coreproto.pyx", line 1174, in asyncpg.protocol.protocol.CoreProtocol._simple_query
  File "asyncpg/protocol/protocol.pyx", line 956, in asyncpg.protocol.protocol.BaseProtocol._write
  File "C:\Users\abhin\AppData\Local\Programs\Python\Python311\Lib\asyncio\sslproto.py", line 222, in write
    self._ssl_protocol._write_appdata((data,))
  File "C:\Users\abhin\AppData\Local\Programs\Python\Python311\Lib\asyncio\sslproto.py", line 697, in _write_appdata
    self._fatal_error(ex, 'Fatal error on SSL protocol')
  File "C:\Users\abhin\AppData\Local\Programs\Python\Python311\Lib\asyncio\sslproto.py", line 915, in _fatal_error
    self._transport._force_close(exc)
  File "C:\Users\abhin\AppData\Local\Programs\Python\Python311\Lib\asyncio\proactor_events.py", line 152, in _force_close
    self._loop.call_soon(self._call_connection_lost, exc)
  File "C:\Users\abhin\AppData\Local\Programs\Python\Python311\Lib\asyncio\base_events.py", line 762, in call_soon
    self._check_closed()
  File "C:\Users\abhin\AppData\Local\Programs\Python\Python311\Lib\asyncio\base_events.py", line 520, in _check_closed
    raise RuntimeError('Event loop is closed')
RuntimeError: Event loop is closed
[2026-10-03 00:55:19,097: ERROR/MainProcess] task_failed
[2026-10-03 00:55:19,097: ERROR/MainProcess] Task experiments.run_experiment[dbbbd30d-05c1-4b79-be72-bf3388b59e93] raised unexpected: RuntimeError('Event loop is closed')
Traceback (most recent call last):
  File "D:\autoSage\backend\app\workers\tasks.py", line 75, in _run_coro_sync
    asyncio.get_running_loop()
RuntimeError: no running event loop

During handling of the above exception, another exception occurred:

Traceback (most recent call last):
  File "C:\Users\abhin\AppData\Local\Programs\Python\Python311\Lib\site-packages\celery\app\trace.py", line 585, in trace_task
    R = retval = fun(*args, **kwargs)
                 ^^^^^^^^^^^^^^^^^^^^
  File "C:\Users\abhin\AppData\Local\Programs\Python\Python311\Lib\site-packages\celery\app\trace.py", line 858, in __protected_call__
    return self.run(*args, **kwargs)
           ^^^^^^^^^^^^^^^^^^^^^^^^^
  File "D:\autoSage\backend\app\workers\tasks.py", line 465, in run_experiment
    return _run_coro_sync(_execute_async(self, experiment_id))
           ^^^^^^^^^^^^^^^^^^^^^^^^^^^^^^^^^^^^^^^^^^^^^^^^^^^
  File "D:\autoSage\backend\app\workers\tasks.py", line 77, in _run_coro_sync
    return asyncio.run(coro)
           ^^^^^^^^^^^^^^^^^
  File "C:\Users\abhin\AppData\Local\Programs\Python\Python311\Lib\asyncio\runners.py", line 190, in run
    return runner.run(main)
           ^^^^^^^^^^^^^^^^
  File "C:\Users\abhin\AppData\Local\Programs\Python\Python311\Lib\asyncio\runners.py", line 118, in run
    return self._loop.run_until_complete(task)
           ^^^^^^^^^^^^^^^^^^^^^^^^^^^^^^^^^^^
  File "C:\Users\abhin\AppData\Local\Programs\Python\Python311\Lib\asyncio\base_events.py", line 654, in run_until_complete
    return future.result()
           ^^^^^^^^^^^^^^^
  File "D:\autoSage\backend\app\workers\tasks.py", line 134, in _execute_async
    experiment = await _load_experiment(session, experiment_id)
                 ^^^^^^^^^^^^^^^^^^^^^^^^^^^^^^^^^^^^^^^^^^^^^^
  File "D:\autoSage\backend\app\workers\tasks.py", line 110, in _load_experiment
    return await repo.get_by_id(UUID(experiment_id))
           ^^^^^^^^^^^^^^^^^^^^^^^^^^^^^^^^^^^^^^^^^
  File "D:\autoSage\backend\app\repositories\base.py", line 26, in get_by_id
    return await self.session.get(self.model, entity_id)
           ^^^^^^^^^^^^^^^^^^^^^^^^^^^^^^^^^^^^^^^^^^^^^
  File "C:\Users\abhin\AppData\Local\Programs\Python\Python311\Lib\site-packages\sqlalchemy\ext\asyncio\session.py", line 592, in get
    return await greenlet_spawn(
           ^^^^^^^^^^^^^^^^^^^^^
  File "C:\Users\abhin\AppData\Local\Programs\Python\Python311\Lib\site-packages\sqlalchemy\util\_concurrency_py3k.py", line 201, in greenlet_spawn
    result = context.throw(*sys.exc_info())
             ^^^^^^^^^^^^^^^^^^^^^^^^^^^^^^
  File "C:\Users\abhin\AppData\Local\Programs\Python\Python311\Lib\site-packages\sqlalchemy\orm\session.py", line 3702, in get
    return self._get_impl(
           ^^^^^^^^^^^^^^^
  File "C:\Users\abhin\AppData\Local\Programs\Python\Python311\Lib\site-packages\sqlalchemy\orm\session.py", line 3881, in _get_impl
    return db_load_fn(
           ^^^^^^^^^^^
  File "C:\Users\abhin\AppData\Local\Programs\Python\Python311\Lib\site-packages\sqlalchemy\orm\loading.py", line 695, in load_on_pk_identity
    session.execute(
  File "C:\Users\abhin\AppData\Local\Programs\Python\Python311\Lib\site-packages\sqlalchemy\orm\session.py", line 2373, in execute
    return self._execute_internal(
           ^^^^^^^^^^^^^^^^^^^^^^^
  File "C:\Users\abhin\AppData\Local\Programs\Python\Python311\Lib\site-packages\sqlalchemy\orm\session.py", line 2261, in _execute_internal
    conn = self._connection_for_bind(bind)
           ^^^^^^^^^^^^^^^^^^^^^^^^^^^^^^^
  File "C:\Users\abhin\AppData\Local\Programs\Python\Python311\Lib\site-packages\sqlalchemy\orm\session.py", line 2113, in _connection_for_bind
    return trans._connection_for_bind(engine, execution_options)
           ^^^^^^^^^^^^^^^^^^^^^^^^^^^^^^^^^^^^^^^^^^^^^^^^^^^^^
  File "<string>", line 2, in _connection_for_bind
  File "C:\Users\abhin\AppData\Local\Programs\Python\Python311\Lib\site-packages\sqlalchemy\orm\state_changes.py", line 137, in _go
    ret_value = fn(self, *arg, **kw)
                ^^^^^^^^^^^^^^^^^^^^
  File "C:\Users\abhin\AppData\Local\Programs\Python\Python311\Lib\site-packages\sqlalchemy\orm\session.py", line 1191, in _connection_for_bind
    conn = bind.connect()
           ^^^^^^^^^^^^^^
  File "C:\Users\abhin\AppData\Local\Programs\Python\Python311\Lib\site-packages\sqlalchemy\engine\base.py", line 3295, in connect
    return self._connection_cls(self)
           ^^^^^^^^^^^^^^^^^^^^^^^^^^
  File "C:\Users\abhin\AppData\Local\Programs\Python\Python311\Lib\site-packages\sqlalchemy\engine\base.py", line 144, in __init__
    self._dbapi_connection = engine.raw_connection()
                             ^^^^^^^^^^^^^^^^^^^^^^^
  File "C:\Users\abhin\AppData\Local\Programs\Python\Python311\Lib\site-packages\sqlalchemy\engine\base.py", line 3319, in raw_connection
    return self.pool.connect()
           ^^^^^^^^^^^^^^^^^^^
  File "C:\Users\abhin\AppData\Local\Programs\Python\Python311\Lib\site-packages\sqlalchemy\pool\base.py", line 448, in connect
    return _ConnectionFairy._checkout(self)
           ^^^^^^^^^^^^^^^^^^^^^^^^^^^^^^^^
  File "C:\Users\abhin\AppData\Local\Programs\Python\Python311\Lib\site-packages\sqlalchemy\pool\base.py", line 1389, in _checkout
    with util.safe_reraise():
  File "C:\Users\abhin\AppData\Local\Programs\Python\Python311\Lib\site-packages\sqlalchemy\util\langhelpers.py", line 122, in __exit__
    raise exc_value.with_traceback(exc_tb)
  File "C:\Users\abhin\AppData\Local\Programs\Python\Python311\Lib\site-packages\sqlalchemy\pool\base.py", line 1327, in _checkout
    result = pool._dialect._do_ping_w_event(
             ^^^^^^^^^^^^^^^^^^^^^^^^^^^^^^^
  File "C:\Users\abhin\AppData\Local\Programs\Python\Python311\Lib\site-packages\sqlalchemy\engine\default.py", line 729, in _do_ping_w_event
    return self.do_ping(dbapi_connection)
           ^^^^^^^^^^^^^^^^^^^^^^^^^^^^^^
  File "C:\Users\abhin\AppData\Local\Programs\Python\Python311\Lib\site-packages\sqlalchemy\dialects\postgresql\asyncpg.py", line 1164, in do_ping
    dbapi_connection.ping()
  File "C:\Users\abhin\AppData\Local\Programs\Python\Python311\Lib\site-packages\sqlalchemy\dialects\postgresql\asyncpg.py", line 818, in ping
    self._handle_exception(error)
  File "C:\Users\abhin\AppData\Local\Programs\Python\Python311\Lib\site-packages\sqlalchemy\dialects\postgresql\asyncpg.py", line 799, in _handle_exception
    raise error
  File "C:\Users\abhin\AppData\Local\Programs\Python\Python311\Lib\site-packages\sqlalchemy\dialects\postgresql\asyncpg.py", line 816, in ping
    _ = self.await_(self._async_ping())
        ^^^^^^^^^^^^^^^^^^^^^^^^^^^^^^^
  File "C:\Users\abhin\AppData\Local\Programs\Python\Python311\Lib\site-packages\sqlalchemy\util\_concurrency_py3k.py", line 132, in await_only
    return current.parent.switch(awaitable)  # type: ignore[no-any-return,attr-defined] # noqa: E501
           ^^^^^^^^^^^^^^^^^^^^^^^^^^^^^^^^
  File "C:\Users\abhin\AppData\Local\Programs\Python\Python311\Lib\site-packages\sqlalchemy\util\_concurrency_py3k.py", line 196, in greenlet_spawn
    value = await result
            ^^^^^^^^^^^^
  File "C:\Users\abhin\AppData\Local\Programs\Python\Python311\Lib\site-packages\sqlalchemy\dialects\postgresql\asyncpg.py", line 825, in _async_ping
    await tr.start()
  File "C:\Users\abhin\AppData\Local\Programs\Python\Python311\Lib\site-packages\asyncpg\transaction.py", line 146, in start
    await self._connection.execute(query)
  File "C:\Users\abhin\AppData\Local\Programs\Python\Python311\Lib\site-packages\asyncpg\connection.py", line 354, in execute
    result = await self._protocol.query(query, timeout)
             ^^^^^^^^^^^^^^^^^^^^^^^^^^^^^^^^^^^^^^^^^^
  File "asyncpg/protocol/protocol.pyx", line 369, in query
  File "asyncpg/protocol/protocol.pyx", line 362, in asyncpg.protocol.protocol.BaseProtocol.query
  File "asyncpg/protocol/coreproto.pyx", line 1174, in asyncpg.protocol.protocol.CoreProtocol._simple_query
  File "asyncpg/protocol/protocol.pyx", line 956, in asyncpg.protocol.protocol.BaseProtocol._write
  File "C:\Users\abhin\AppData\Local\Programs\Python\Python311\Lib\asyncio\sslproto.py", line 222, in write
    self._ssl_protocol._write_appdata((data,))
  File "C:\Users\abhin\AppData\Local\Programs\Python\Python311\Lib\asyncio\sslproto.py", line 697, in _write_appdata
    self._fatal_error(ex, 'Fatal error on SSL protocol')
  File "C:\Users\abhin\AppData\Local\Programs\Python\Python311\Lib\asyncio\sslproto.py", line 915, in _fatal_error
    self._transport._force_close(exc)
  File "C:\Users\abhin\AppData\Local\Programs\Python\Python311\Lib\asyncio\proactor_events.py", line 152, in _force_close
    self._loop.call_soon(self._call_connection_lost, exc)
  File "C:\Users\abhin\AppData\Local\Programs\Python\Python311\Lib\asyncio\base_events.py", line 762, in call_soon
    self._check_closed()
  File "C:\Users\abhin\AppData\Local\Programs\Python\Python311\Lib\asyncio\base_events.py", line 520, in _check_closed
    raise RuntimeError('Event loop is closed')
RuntimeError: Event loop is closed
[2026-10-03 00:55:19,100: INFO/MainProcess] task_completed
[2026-10-03 01:19:16,477: INFO/MainProcess] Task experiments.run_experiment[a979f531-f796-446f-8f86-411330b85313] received
[2026-10-03 01:19:16,482: INFO/MainProcess] task_started
[2026-10-03 01:19:16,517: ERROR/MainProcess] Exception terminating connection <AdaptedConnection <asyncpg.connection.Connection object at 0x0000029154FA9C60>>
Traceback (most recent call last):
  File "D:\autoSage\backend\app\workers\tasks.py", line 75, in _run_coro_sync
    asyncio.get_running_loop()
RuntimeError: no running event loop

During handling of the above exception, another exception occurred:

Traceback (most recent call last):
  File "C:\Users\abhin\AppData\Local\Programs\Python\Python311\Lib\site-packages\sqlalchemy\pool\base.py", line 373, in _close_connection
    self._dialect.do_terminate(connection)
  File "C:\Users\abhin\AppData\Local\Programs\Python\Python311\Lib\site-packages\sqlalchemy\dialects\postgresql\asyncpg.py", line 1131, in do_terminate
    dbapi_connection.terminate()
  File "C:\Users\abhin\AppData\Local\Programs\Python\Python311\Lib\site-packages\sqlalchemy\connectors\asyncio.py", line 402, in terminate
    self.await_(asyncio.shield(self._terminate_graceful_close()))  # type: ignore[attr-defined] # noqa: E501
    ^^^^^^^^^^^^^^^^^^^^^^^^^^^^^^^^^^^^^^^^^^^^^^^^^^^^^^^^^^^^^
  File "C:\Users\abhin\AppData\Local\Programs\Python\Python311\Lib\site-packages\sqlalchemy\util\_concurrency_py3k.py", line 132, in await_only
    return current.parent.switch(awaitable)  # type: ignore[no-any-return,attr-defined] # noqa: E501
           ^^^^^^^^^^^^^^^^^^^^^^^^^^^^^^^^
  File "C:\Users\abhin\AppData\Local\Programs\Python\Python311\Lib\site-packages\sqlalchemy\util\_concurrency_py3k.py", line 196, in greenlet_spawn
    value = await result
            ^^^^^^^^^^^^
  File "C:\Users\abhin\AppData\Local\Programs\Python\Python311\Lib\site-packages\sqlalchemy\dialects\postgresql\asyncpg.py", line 912, in _terminate_graceful_close
    await self._connection.close(timeout=2)
  File "C:\Users\abhin\AppData\Local\Programs\Python\Python311\Lib\site-packages\asyncpg\connection.py", line 1513, in close
    await self._protocol.close(timeout)
  File "asyncpg/protocol/protocol.pyx", line 629, in close
  File "asyncpg/protocol/protocol.pyx", line 768, in asyncpg.protocol.protocol.BaseProtocol._new_waiter
  File "C:\Users\abhin\AppData\Local\Programs\Python\Python311\Lib\asyncio\base_events.py", line 728, in call_later
    timer = self.call_at(self.time() + delay, callback, *args,
            ^^^^^^^^^^^^^^^^^^^^^^^^^^^^^^^^^^^^^^^^^^^^^^^^^^
  File "C:\Users\abhin\AppData\Local\Programs\Python\Python311\Lib\asyncio\base_events.py", line 741, in call_at
    self._check_closed()
  File "C:\Users\abhin\AppData\Local\Programs\Python\Python311\Lib\asyncio\base_events.py", line 520, in _check_closed
    raise RuntimeError('Event loop is closed')
RuntimeError: Event loop is closed
[2026-10-03 01:19:46,560: WARNING/MainProcess] C:\Users\abhin\AppData\Local\Programs\Python\Python311\Lib\site-packages\pydantic\main.py:542: UserWarning: Pydantic serializer warnings:
  PydanticSerializationUnexpectedValue(Expected `dict[str, any]` - serialized value may not be as expected [field_name='payload', input_value=ExperimentStartedPayload(...ance_handling': 'none'}), input_type=ExperimentStartedPayload])
  return self.__pydantic_serializer__.to_json(

[2026-10-03 01:19:49,832: ERROR/MainProcess] task_failure
Traceback (most recent call last):
  File "D:\autoSage\backend\app\workers\tasks.py", line 75, in _run_coro_sync
    asyncio.get_running_loop()
RuntimeError: no running event loop

During handling of the above exception, another exception occurred:

Traceback (most recent call last):
  File "C:\Users\abhin\AppData\Local\Programs\Python\Python311\Lib\site-packages\celery\app\trace.py", line 585, in trace_task
    R = retval = fun(*args, **kwargs)
                 ^^^^^^^^^^^^^^^^^^^^
  File "C:\Users\abhin\AppData\Local\Programs\Python\Python311\Lib\site-packages\celery\app\trace.py", line 858, in __protected_call__
    return self.run(*args, **kwargs)
           ^^^^^^^^^^^^^^^^^^^^^^^^^
  File "D:\autoSage\backend\app\workers\tasks.py", line 465, in run_experiment
    return _run_coro_sync(_execute_async(self, experiment_id))
           ^^^^^^^^^^^^^^^^^^^^^^^^^^^^^^^^^^^^^^^^^^^^^^^^^^^
  File "D:\autoSage\backend\app\workers\tasks.py", line 77, in _run_coro_sync
    return asyncio.run(coro)
           ^^^^^^^^^^^^^^^^^
  File "C:\Users\abhin\AppData\Local\Programs\Python\Python311\Lib\asyncio\runners.py", line 190, in run
    return runner.run(main)
           ^^^^^^^^^^^^^^^^
  File "C:\Users\abhin\AppData\Local\Programs\Python\Python311\Lib\asyncio\runners.py", line 118, in run
    return self._loop.run_until_complete(task)
           ^^^^^^^^^^^^^^^^^^^^^^^^^^^^^^^^^^^
  File "C:\Users\abhin\AppData\Local\Programs\Python\Python311\Lib\asyncio\base_events.py", line 654, in run_until_complete
    return future.result()
           ^^^^^^^^^^^^^^^
  File "D:\autoSage\backend\app\workers\tasks.py", line 354, in _execute_async
    await session.commit()
  File "C:\Users\abhin\AppData\Local\Programs\Python\Python311\Lib\site-packages\sqlalchemy\ext\asyncio\session.py", line 1000, in commit
    await greenlet_spawn(self.sync_session.commit)
  File "C:\Users\abhin\AppData\Local\Programs\Python\Python311\Lib\site-packages\sqlalchemy\util\_concurrency_py3k.py", line 190, in greenlet_spawn
    result = context.switch(*args, **kwargs)
             ^^^^^^^^^^^^^^^^^^^^^^^^^^^^^^^
  File "C:\Users\abhin\AppData\Local\Programs\Python\Python311\Lib\site-packages\sqlalchemy\orm\session.py", line 2035, in commit
    trans.commit(_to_root=True)
  File "<string>", line 2, in commit
  File "C:\Users\abhin\AppData\Local\Programs\Python\Python311\Lib\site-packages\sqlalchemy\orm\state_changes.py", line 101, in _go
    self._raise_for_prerequisite_state(fn.__name__, current_state)
  File "C:\Users\abhin\AppData\Local\Programs\Python\Python311\Lib\site-packages\sqlalchemy\orm\session.py", line 975, in _raise_for_prerequisite_state
    raise sa_exc.PendingRollbackError(
sqlalchemy.exc.PendingRollbackError: This Session's transaction has been rolled back due to a previous exception during flush. To begin a new transaction with this Session, first issue Session.rollback(). Original exception was: (sqlalchemy.dialects.postgresql.asyncpg.IntegrityError) <class 'asyncpg.exceptions.ForeignKeyViolationError'>: insert or update on table "ml_runs" violates foreign key constraint "ml_runs_experiment_id_fkey"
DETAIL:  Key (experiment_id)=(63455c81-29a2-44bf-9ccd-08869d750211) is not present in table "experiments".
[SQL: INSERT INTO ml_runs (id, experiment_id, name, status, params, metrics, mlflow_run_id, notes, started_at, completed_at, created_at, updated_at) VALUES ($1::UUID, $2::UUID, $3::VARCHAR, $4::VARCHAR, $5::JSONB, $6::JSONB, $7::VARCHAR, $8::VARCHAR, $9::TIMESTAMP WITHOUT TIME ZONE, $10::TIMESTAMP WITHOUT TIME ZONE, $11::TIMESTAMP WITHOUT TIME ZONE, $12::TIMESTAMP WITHOUT TIME ZONE)]
[parameters: (UUID('7a3377d2-b247-42fa-99da-80dc190fca0c'), UUID('63455c81-29a2-44bf-9ccd-08869d750211'), 'Smoke Renamed', 'RUNNING', '{}', '{}', None, None, datetime.datetime(2026, 10, 2, 19, 49, 48, 571472), None, datetime.datetime(2026, 10, 2, 19, 49, 48, 573467), datetime.datetime(2026, 10, 2, 19, 49, 48, 573467))]
(Background on this error at: https://sqlalche.me/e/20/gkpj) (Background on this error at: https://sqlalche.me/e/20/7s2a)
[2026-10-03 01:19:49,835: ERROR/MainProcess] Exception terminating connection <AdaptedConnection <asyncpg.connection.Connection object at 0x0000029154FAA6B0>>
Traceback (most recent call last):
  File "D:\autoSage\backend\app\workers\tasks.py", line 75, in _run_coro_sync
    asyncio.get_running_loop()
RuntimeError: no running event loop

During handling of the above exception, another exception occurred:

Traceback (most recent call last):
  File "C:\Users\abhin\AppData\Local\Programs\Python\Python311\Lib\site-packages\celery\app\trace.py", line 585, in trace_task
    R = retval = fun(*args, **kwargs)
                 ^^^^^^^^^^^^^^^^^^^^
  File "C:\Users\abhin\AppData\Local\Programs\Python\Python311\Lib\site-packages\celery\app\trace.py", line 858, in __protected_call__
    return self.run(*args, **kwargs)
           ^^^^^^^^^^^^^^^^^^^^^^^^^
  File "D:\autoSage\backend\app\workers\tasks.py", line 465, in run_experiment
    return _run_coro_sync(_execute_async(self, experiment_id))
           ^^^^^^^^^^^^^^^^^^^^^^^^^^^^^^^^^^^^^^^^^^^^^^^^^^^
  File "D:\autoSage\backend\app\workers\tasks.py", line 77, in _run_coro_sync
    return asyncio.run(coro)
           ^^^^^^^^^^^^^^^^^
  File "C:\Users\abhin\AppData\Local\Programs\Python\Python311\Lib\asyncio\runners.py", line 190, in run
    return runner.run(main)
           ^^^^^^^^^^^^^^^^
  File "C:\Users\abhin\AppData\Local\Programs\Python\Python311\Lib\asyncio\runners.py", line 118, in run
    return self._loop.run_until_complete(task)
           ^^^^^^^^^^^^^^^^^^^^^^^^^^^^^^^^^^^
  File "C:\Users\abhin\AppData\Local\Programs\Python\Python311\Lib\asyncio\base_events.py", line 654, in run_until_complete
    return future.result()
           ^^^^^^^^^^^^^^^
  File "D:\autoSage\backend\app\workers\tasks.py", line 354, in _execute_async
    await session.commit()
  File "C:\Users\abhin\AppData\Local\Programs\Python\Python311\Lib\site-packages\sqlalchemy\ext\asyncio\session.py", line 1000, in commit
    await greenlet_spawn(self.sync_session.commit)
  File "C:\Users\abhin\AppData\Local\Programs\Python\Python311\Lib\site-packages\sqlalchemy\util\_concurrency_py3k.py", line 190, in greenlet_spawn
    result = context.switch(*args, **kwargs)
             ^^^^^^^^^^^^^^^^^^^^^^^^^^^^^^^
  File "C:\Users\abhin\AppData\Local\Programs\Python\Python311\Lib\site-packages\sqlalchemy\orm\session.py", line 2035, in commit
    trans.commit(_to_root=True)
  File "<string>", line 2, in commit
  File "C:\Users\abhin\AppData\Local\Programs\Python\Python311\Lib\site-packages\sqlalchemy\orm\state_changes.py", line 101, in _go
    self._raise_for_prerequisite_state(fn.__name__, current_state)
  File "C:\Users\abhin\AppData\Local\Programs\Python\Python311\Lib\site-packages\sqlalchemy\orm\session.py", line 975, in _raise_for_prerequisite_state
    raise sa_exc.PendingRollbackError(
sqlalchemy.exc.PendingRollbackError: This Session's transaction has been rolled back due to a previous exception during flush. To begin a new transaction with this Session, first issue Session.rollback(). Original exception was: (sqlalchemy.dialects.postgresql.asyncpg.IntegrityError) <class 'asyncpg.exceptions.ForeignKeyViolationError'>: insert or update on table "ml_runs" violates foreign key constraint "ml_runs_experiment_id_fkey"
DETAIL:  Key (experiment_id)=(63455c81-29a2-44bf-9ccd-08869d750211) is not present in table "experiments".
[SQL: INSERT INTO ml_runs (id, experiment_id, name, status, params, metrics, mlflow_run_id, notes, started_at, completed_at, created_at, updated_at) VALUES ($1::UUID, $2::UUID, $3::VARCHAR, $4::VARCHAR, $5::JSONB, $6::JSONB, $7::VARCHAR, $8::VARCHAR, $9::TIMESTAMP WITHOUT TIME ZONE, $10::TIMESTAMP WITHOUT TIME ZONE, $11::TIMESTAMP WITHOUT TIME ZONE, $12::TIMESTAMP WITHOUT TIME ZONE)]
[parameters: (UUID('7a3377d2-b247-42fa-99da-80dc190fca0c'), UUID('63455c81-29a2-44bf-9ccd-08869d750211'), 'Smoke Renamed', 'RUNNING', '{}', '{}', None, None, datetime.datetime(2026, 10, 2, 19, 49, 48, 571472), None, datetime.datetime(2026, 10, 2, 19, 49, 48, 573467), datetime.datetime(2026, 10, 2, 19, 49, 48, 573467))]
(Background on this error at: https://sqlalche.me/e/20/gkpj) (Background on this error at: https://sqlalche.me/e/20/7s2a)

During handling of the above exception, another exception occurred:

Traceback (most recent call last):
  File "D:\autoSage\backend\app\workers\tasks.py", line 75, in _run_coro_sync
    asyncio.get_running_loop()
RuntimeError: no running event loop

During handling of the above exception, another exception occurred:

Traceback (most recent call last):
  File "C:\Users\abhin\AppData\Local\Programs\Python\Python311\Lib\site-packages\sqlalchemy\pool\base.py", line 373, in _close_connection
    self._dialect.do_terminate(connection)
  File "C:\Users\abhin\AppData\Local\Programs\Python\Python311\Lib\site-packages\sqlalchemy\dialects\postgresql\asyncpg.py", line 1131, in do_terminate
    dbapi_connection.terminate()
  File "C:\Users\abhin\AppData\Local\Programs\Python\Python311\Lib\site-packages\sqlalchemy\connectors\asyncio.py", line 402, in terminate
    self.await_(asyncio.shield(self._terminate_graceful_close()))  # type: ignore[attr-defined] # noqa: E501
    ^^^^^^^^^^^^^^^^^^^^^^^^^^^^^^^^^^^^^^^^^^^^^^^^^^^^^^^^^^^^^
  File "C:\Users\abhin\AppData\Local\Programs\Python\Python311\Lib\site-packages\sqlalchemy\util\_concurrency_py3k.py", line 132, in await_only
    return current.parent.switch(awaitable)  # type: ignore[no-any-return,attr-defined] # noqa: E501
           ^^^^^^^^^^^^^^^^^^^^^^^^^^^^^^^^
  File "C:\Users\abhin\AppData\Local\Programs\Python\Python311\Lib\site-packages\sqlalchemy\util\_concurrency_py3k.py", line 196, in greenlet_spawn
    value = await result
            ^^^^^^^^^^^^
  File "C:\Users\abhin\AppData\Local\Programs\Python\Python311\Lib\site-packages\sqlalchemy\dialects\postgresql\asyncpg.py", line 912, in _terminate_graceful_close
    await self._connection.close(timeout=2)
  File "C:\Users\abhin\AppData\Local\Programs\Python\Python311\Lib\site-packages\asyncpg\connection.py", line 1513, in close
    await self._protocol.close(timeout)
  File "asyncpg/protocol/protocol.pyx", line 617, in close
  File "asyncpg/protocol/protocol.pyx", line 650, in asyncpg.protocol.protocol.BaseProtocol._request_cancel
  File "C:\Users\abhin\AppData\Local\Programs\Python\Python311\Lib\site-packages\asyncpg\connection.py", line 1682, in _cancel_current_command
    self._cancellations.add(self._loop.create_task(self._cancel(waiter)))
                            ^^^^^^^^^^^^^^^^^^^^^^^^^^^^^^^^^^^^^^^^^^^^
  File "C:\Users\abhin\AppData\Local\Programs\Python\Python311\Lib\asyncio\base_events.py", line 435, in create_task
    self._check_closed()
  File "C:\Users\abhin\AppData\Local\Programs\Python\Python311\Lib\asyncio\base_events.py", line 520, in _check_closed
    raise RuntimeError('Event loop is closed')
RuntimeError: Event loop is closed
[2026-10-03 01:19:49,838: ERROR/MainProcess] failure_sync_failed
Traceback (most recent call last):
  File "D:\autoSage\backend\app\workers\tasks.py", line 75, in _run_coro_sync
    asyncio.get_running_loop()
RuntimeError: no running event loop

During handling of the above exception, another exception occurred:

Traceback (most recent call last):
  File "C:\Users\abhin\AppData\Local\Programs\Python\Python311\Lib\site-packages\celery\app\trace.py", line 585, in trace_task
    R = retval = fun(*args, **kwargs)
                 ^^^^^^^^^^^^^^^^^^^^
  File "C:\Users\abhin\AppData\Local\Programs\Python\Python311\Lib\site-packages\celery\app\trace.py", line 858, in __protected_call__
    return self.run(*args, **kwargs)
           ^^^^^^^^^^^^^^^^^^^^^^^^^
  File "D:\autoSage\backend\app\workers\tasks.py", line 465, in run_experiment
    return _run_coro_sync(_execute_async(self, experiment_id))
           ^^^^^^^^^^^^^^^^^^^^^^^^^^^^^^^^^^^^^^^^^^^^^^^^^^^
  File "D:\autoSage\backend\app\workers\tasks.py", line 77, in _run_coro_sync
    return asyncio.run(coro)
           ^^^^^^^^^^^^^^^^^
  File "C:\Users\abhin\AppData\Local\Programs\Python\Python311\Lib\asyncio\runners.py", line 190, in run
    return runner.run(main)
           ^^^^^^^^^^^^^^^^
  File "C:\Users\abhin\AppData\Local\Programs\Python\Python311\Lib\asyncio\runners.py", line 118, in run
    return self._loop.run_until_complete(task)
           ^^^^^^^^^^^^^^^^^^^^^^^^^^^^^^^^^^^
  File "C:\Users\abhin\AppData\Local\Programs\Python\Python311\Lib\asyncio\base_events.py", line 654, in run_until_complete
    return future.result()
           ^^^^^^^^^^^^^^^
  File "D:\autoSage\backend\app\workers\tasks.py", line 354, in _execute_async
    await session.commit()
  File "C:\Users\abhin\AppData\Local\Programs\Python\Python311\Lib\site-packages\sqlalchemy\ext\asyncio\session.py", line 1000, in commit
    await greenlet_spawn(self.sync_session.commit)
  File "C:\Users\abhin\AppData\Local\Programs\Python\Python311\Lib\site-packages\sqlalchemy\util\_concurrency_py3k.py", line 190, in greenlet_spawn
    result = context.switch(*args, **kwargs)
             ^^^^^^^^^^^^^^^^^^^^^^^^^^^^^^^
  File "C:\Users\abhin\AppData\Local\Programs\Python\Python311\Lib\site-packages\sqlalchemy\orm\session.py", line 2035, in commit
    trans.commit(_to_root=True)
  File "<string>", line 2, in commit
  File "C:\Users\abhin\AppData\Local\Programs\Python\Python311\Lib\site-packages\sqlalchemy\orm\state_changes.py", line 101, in _go
    self._raise_for_prerequisite_state(fn.__name__, current_state)
  File "C:\Users\abhin\AppData\Local\Programs\Python\Python311\Lib\site-packages\sqlalchemy\orm\session.py", line 975, in _raise_for_prerequisite_state
    raise sa_exc.PendingRollbackError(
sqlalchemy.exc.PendingRollbackError: This Session's transaction has been rolled back due to a previous exception during flush. To begin a new transaction with this Session, first issue Session.rollback(). Original exception was: (sqlalchemy.dialects.postgresql.asyncpg.IntegrityError) <class 'asyncpg.exceptions.ForeignKeyViolationError'>: insert or update on table "ml_runs" violates foreign key constraint "ml_runs_experiment_id_fkey"
DETAIL:  Key (experiment_id)=(63455c81-29a2-44bf-9ccd-08869d750211) is not present in table "experiments".
[SQL: INSERT INTO ml_runs (id, experiment_id, name, status, params, metrics, mlflow_run_id, notes, started_at, completed_at, created_at, updated_at) VALUES ($1::UUID, $2::UUID, $3::VARCHAR, $4::VARCHAR, $5::JSONB, $6::JSONB, $7::VARCHAR, $8::VARCHAR, $9::TIMESTAMP WITHOUT TIME ZONE, $10::TIMESTAMP WITHOUT TIME ZONE, $11::TIMESTAMP WITHOUT TIME ZONE, $12::TIMESTAMP WITHOUT TIME ZONE)]
[parameters: (UUID('7a3377d2-b247-42fa-99da-80dc190fca0c'), UUID('63455c81-29a2-44bf-9ccd-08869d750211'), 'Smoke Renamed', 'RUNNING', '{}', '{}', None, None, datetime.datetime(2026, 10, 2, 19, 49, 48, 571472), None, datetime.datetime(2026, 10, 2, 19, 49, 48, 573467), datetime.datetime(2026, 10, 2, 19, 49, 48, 573467))]
(Background on this error at: https://sqlalche.me/e/20/gkpj) (Background on this error at: https://sqlalche.me/e/20/7s2a)

During handling of the above exception, another exception occurred:

Traceback (most recent call last):
  File "D:\autoSage\backend\app\workers\tasks.py", line 75, in _run_coro_sync
    asyncio.get_running_loop()
RuntimeError: no running event loop

During handling of the above exception, another exception occurred:

Traceback (most recent call last):
  File "D:\autoSage\backend\app\workers\tasks.py", line 433, in on_failure
    _run_coro_sync(_sync_failure_best_effort(args[0] if args else None, exc))
  File "D:\autoSage\backend\app\workers\tasks.py", line 77, in _run_coro_sync
    return asyncio.run(coro)
           ^^^^^^^^^^^^^^^^^
  File "C:\Users\abhin\AppData\Local\Programs\Python\Python311\Lib\asyncio\runners.py", line 190, in run
    return runner.run(main)
           ^^^^^^^^^^^^^^^^
  File "C:\Users\abhin\AppData\Local\Programs\Python\Python311\Lib\asyncio\runners.py", line 118, in run
    return self._loop.run_until_complete(task)
           ^^^^^^^^^^^^^^^^^^^^^^^^^^^^^^^^^^^
  File "C:\Users\abhin\AppData\Local\Programs\Python\Python311\Lib\asyncio\base_events.py", line 654, in run_until_complete
    return future.result()
           ^^^^^^^^^^^^^^^
  File "D:\autoSage\backend\app\workers\tasks.py", line 443, in _sync_failure_best_effort
    experiment = await _load_experiment(session, str(experiment_id))
                 ^^^^^^^^^^^^^^^^^^^^^^^^^^^^^^^^^^^^^^^^^^^^^^^^^^^
  File "D:\autoSage\backend\app\workers\tasks.py", line 110, in _load_experiment
    return await repo.get_by_id(UUID(experiment_id))
           ^^^^^^^^^^^^^^^^^^^^^^^^^^^^^^^^^^^^^^^^^
  File "D:\autoSage\backend\app\repositories\base.py", line 26, in get_by_id
    return await self.session.get(self.model, entity_id)
           ^^^^^^^^^^^^^^^^^^^^^^^^^^^^^^^^^^^^^^^^^^^^^
  File "C:\Users\abhin\AppData\Local\Programs\Python\Python311\Lib\site-packages\sqlalchemy\ext\asyncio\session.py", line 592, in get
    return await greenlet_spawn(
           ^^^^^^^^^^^^^^^^^^^^^
  File "C:\Users\abhin\AppData\Local\Programs\Python\Python311\Lib\site-packages\sqlalchemy\util\_concurrency_py3k.py", line 201, in greenlet_spawn
    result = context.throw(*sys.exc_info())
             ^^^^^^^^^^^^^^^^^^^^^^^^^^^^^^
  File "C:\Users\abhin\AppData\Local\Programs\Python\Python311\Lib\site-packages\sqlalchemy\orm\session.py", line 3702, in get
    return self._get_impl(
           ^^^^^^^^^^^^^^^
  File "C:\Users\abhin\AppData\Local\Programs\Python\Python311\Lib\site-packages\sqlalchemy\orm\session.py", line 3881, in _get_impl
    return db_load_fn(
           ^^^^^^^^^^^
  File "C:\Users\abhin\AppData\Local\Programs\Python\Python311\Lib\site-packages\sqlalchemy\orm\loading.py", line 695, in load_on_pk_identity
    session.execute(
  File "C:\Users\abhin\AppData\Local\Programs\Python\Python311\Lib\site-packages\sqlalchemy\orm\session.py", line 2373, in execute
    return self._execute_internal(
           ^^^^^^^^^^^^^^^^^^^^^^^
  File "C:\Users\abhin\AppData\Local\Programs\Python\Python311\Lib\site-packages\sqlalchemy\orm\session.py", line 2261, in _execute_internal
    conn = self._connection_for_bind(bind)
           ^^^^^^^^^^^^^^^^^^^^^^^^^^^^^^^
  File "C:\Users\abhin\AppData\Local\Programs\Python\Python311\Lib\site-packages\sqlalchemy\orm\session.py", line 2113, in _connection_for_bind
    return trans._connection_for_bind(engine, execution_options)
           ^^^^^^^^^^^^^^^^^^^^^^^^^^^^^^^^^^^^^^^^^^^^^^^^^^^^^
  File "<string>", line 2, in _connection_for_bind
  File "C:\Users\abhin\AppData\Local\Programs\Python\Python311\Lib\site-packages\sqlalchemy\orm\state_changes.py", line 137, in _go
    ret_value = fn(self, *arg, **kw)
                ^^^^^^^^^^^^^^^^^^^^
  File "C:\Users\abhin\AppData\Local\Programs\Python\Python311\Lib\site-packages\sqlalchemy\orm\session.py", line 1191, in _connection_for_bind
    conn = bind.connect()
           ^^^^^^^^^^^^^^
  File "C:\Users\abhin\AppData\Local\Programs\Python\Python311\Lib\site-packages\sqlalchemy\engine\base.py", line 3295, in connect
    return self._connection_cls(self)
           ^^^^^^^^^^^^^^^^^^^^^^^^^^
  File "C:\Users\abhin\AppData\Local\Programs\Python\Python311\Lib\site-packages\sqlalchemy\engine\base.py", line 144, in __init__
    self._dbapi_connection = engine.raw_connection()
                             ^^^^^^^^^^^^^^^^^^^^^^^
  File "C:\Users\abhin\AppData\Local\Programs\Python\Python311\Lib\site-packages\sqlalchemy\engine\base.py", line 3319, in raw_connection
    return self.pool.connect()
           ^^^^^^^^^^^^^^^^^^^
  File "C:\Users\abhin\AppData\Local\Programs\Python\Python311\Lib\site-packages\sqlalchemy\pool\base.py", line 448, in connect
    return _ConnectionFairy._checkout(self)
           ^^^^^^^^^^^^^^^^^^^^^^^^^^^^^^^^
  File "C:\Users\abhin\AppData\Local\Programs\Python\Python311\Lib\site-packages\sqlalchemy\pool\base.py", line 1389, in _checkout
    with util.safe_reraise():
  File "C:\Users\abhin\AppData\Local\Programs\Python\Python311\Lib\site-packages\sqlalchemy\util\langhelpers.py", line 122, in __exit__
    raise exc_value.with_traceback(exc_tb)
  File "C:\Users\abhin\AppData\Local\Programs\Python\Python311\Lib\site-packages\sqlalchemy\pool\base.py", line 1327, in _checkout
    result = pool._dialect._do_ping_w_event(
             ^^^^^^^^^^^^^^^^^^^^^^^^^^^^^^^
  File "C:\Users\abhin\AppData\Local\Programs\Python\Python311\Lib\site-packages\sqlalchemy\engine\default.py", line 729, in _do_ping_w_event
    return self.do_ping(dbapi_connection)
           ^^^^^^^^^^^^^^^^^^^^^^^^^^^^^^
  File "C:\Users\abhin\AppData\Local\Programs\Python\Python311\Lib\site-packages\sqlalchemy\dialects\postgresql\asyncpg.py", line 1164, in do_ping
    dbapi_connection.ping()
  File "C:\Users\abhin\AppData\Local\Programs\Python\Python311\Lib\site-packages\sqlalchemy\dialects\postgresql\asyncpg.py", line 818, in ping
    self._handle_exception(error)
  File "C:\Users\abhin\AppData\Local\Programs\Python\Python311\Lib\site-packages\sqlalchemy\dialects\postgresql\asyncpg.py", line 799, in _handle_exception
    raise error
  File "C:\Users\abhin\AppData\Local\Programs\Python\Python311\Lib\site-packages\sqlalchemy\dialects\postgresql\asyncpg.py", line 816, in ping
    _ = self.await_(self._async_ping())
        ^^^^^^^^^^^^^^^^^^^^^^^^^^^^^^^
  File "C:\Users\abhin\AppData\Local\Programs\Python\Python311\Lib\site-packages\sqlalchemy\util\_concurrency_py3k.py", line 132, in await_only
    return current.parent.switch(awaitable)  # type: ignore[no-any-return,attr-defined] # noqa: E501
           ^^^^^^^^^^^^^^^^^^^^^^^^^^^^^^^^
  File "C:\Users\abhin\AppData\Local\Programs\Python\Python311\Lib\site-packages\sqlalchemy\util\_concurrency_py3k.py", line 196, in greenlet_spawn
    value = await result
            ^^^^^^^^^^^^
  File "C:\Users\abhin\AppData\Local\Programs\Python\Python311\Lib\site-packages\sqlalchemy\dialects\postgresql\asyncpg.py", line 825, in _async_ping
    await tr.start()
  File "C:\Users\abhin\AppData\Local\Programs\Python\Python311\Lib\site-packages\asyncpg\transaction.py", line 146, in start
    await self._connection.execute(query)
  File "C:\Users\abhin\AppData\Local\Programs\Python\Python311\Lib\site-packages\asyncpg\connection.py", line 354, in execute
    result = await self._protocol.query(query, timeout)
             ^^^^^^^^^^^^^^^^^^^^^^^^^^^^^^^^^^^^^^^^^^
  File "asyncpg/protocol/protocol.pyx", line 369, in query
  File "asyncpg/protocol/protocol.pyx", line 362, in asyncpg.protocol.protocol.BaseProtocol.query
  File "asyncpg/protocol/coreproto.pyx", line 1174, in asyncpg.protocol.protocol.CoreProtocol._simple_query
  File "asyncpg/protocol/protocol.pyx", line 956, in asyncpg.protocol.protocol.BaseProtocol._write
  File "C:\Users\abhin\AppData\Local\Programs\Python\Python311\Lib\asyncio\sslproto.py", line 222, in write
    self._ssl_protocol._write_appdata((data,))
  File "C:\Users\abhin\AppData\Local\Programs\Python\Python311\Lib\asyncio\sslproto.py", line 697, in _write_appdata
    self._fatal_error(ex, 'Fatal error on SSL protocol')
  File "C:\Users\abhin\AppData\Local\Programs\Python\Python311\Lib\asyncio\sslproto.py", line 915, in _fatal_error
    self._transport._force_close(exc)
  File "C:\Users\abhin\AppData\Local\Programs\Python\Python311\Lib\asyncio\proactor_events.py", line 152, in _force_close
    self._loop.call_soon(self._call_connection_lost, exc)
  File "C:\Users\abhin\AppData\Local\Programs\Python\Python311\Lib\asyncio\base_events.py", line 762, in call_soon
    self._check_closed()
  File "C:\Users\abhin\AppData\Local\Programs\Python\Python311\Lib\asyncio\base_events.py", line 520, in _check_closed
    raise RuntimeError('Event loop is closed')
RuntimeError: Event loop is closed
[2026-10-03 01:19:49,842: ERROR/MainProcess] task_failed
[2026-10-03 01:19:49,842: ERROR/MainProcess] Task experiments.run_experiment[a979f531-f796-446f-8f86-411330b85313] raised unexpected: PendingRollbackError('This Session\'s transaction has been rolled back due to a previous exception during flush. To begin a new transaction with this Session, first issue Session.rollback(). Original exception was: (sqlalchemy.dialects.postgresql.asyncpg.IntegrityError) <class \'asyncpg.exceptions.ForeignKeyViolationError\'>: insert or update on table "ml_runs" violates foreign key constraint "ml_runs_experiment_id_fkey"\nDETAIL:  Key (experiment_id)=(63455c81-29a2-44bf-9ccd-08869d750211) is not present in table "experiments".\n[SQL: INSERT INTO ml_runs (id, experiment_id, name, status, params, metrics, mlflow_run_id, notes, started_at, completed_at, created_at, updated_at) VALUES ($1::UUID, $2::UUID, $3::VARCHAR, $4::VARCHAR, $5::JSONB, $6::JSONB, $7::VARCHAR, $8::VARCHAR, $9::TIMESTAMP WITHOUT TIME ZONE, $10::TIMESTAMP WITHOUT TIME ZONE, $11::TIMESTAMP WITHOUT TIME ZONE, $12::TIMESTAMP WITHOUT TIME ZONE)]\n[parameters: (UUID(\'7a3377d2-b247-42fa-99da-80dc190fca0c\'), UUID(\'63455c81-29a2-44bf-9ccd-08869d750211\'), \'Smoke Renamed\', \'RUNNING\', \'{}\', \'{}\', None, None, datetime.datetime(2026, 10, 2, 19, 49, 48, 571472), None, datetime.datetime(2026, 10, 2, 19, 49, 48, 573467), datetime.datetime(2026, 10, 2, 19, 49, 48, 573467))]\n(Background on this error at: https://sqlalche.me/e/20/gkpj)')
Traceback (most recent call last):
  File "D:\autoSage\backend\app\workers\tasks.py", line 75, in _run_coro_sync
    asyncio.get_running_loop()
RuntimeError: no running event loop

During handling of the above exception, another exception occurred:

Traceback (most recent call last):
  File "C:\Users\abhin\AppData\Local\Programs\Python\Python311\Lib\site-packages\celery\app\trace.py", line 585, in trace_task
    R = retval = fun(*args, **kwargs)
                 ^^^^^^^^^^^^^^^^^^^^
  File "C:\Users\abhin\AppData\Local\Programs\Python\Python311\Lib\site-packages\celery\app\trace.py", line 858, in __protected_call__
    return self.run(*args, **kwargs)
           ^^^^^^^^^^^^^^^^^^^^^^^^^
  File "D:\autoSage\backend\app\workers\tasks.py", line 465, in run_experiment
    return _run_coro_sync(_execute_async(self, experiment_id))
           ^^^^^^^^^^^^^^^^^^^^^^^^^^^^^^^^^^^^^^^^^^^^^^^^^^^
  File "D:\autoSage\backend\app\workers\tasks.py", line 77, in _run_coro_sync
    return asyncio.run(coro)
           ^^^^^^^^^^^^^^^^^
  File "C:\Users\abhin\AppData\Local\Programs\Python\Python311\Lib\asyncio\runners.py", line 190, in run
    return runner.run(main)
           ^^^^^^^^^^^^^^^^
  File "C:\Users\abhin\AppData\Local\Programs\Python\Python311\Lib\asyncio\runners.py", line 118, in run
    return self._loop.run_until_complete(task)
           ^^^^^^^^^^^^^^^^^^^^^^^^^^^^^^^^^^^
  File "C:\Users\abhin\AppData\Local\Programs\Python\Python311\Lib\asyncio\base_events.py", line 654, in run_until_complete
    return future.result()
           ^^^^^^^^^^^^^^^
  File "D:\autoSage\backend\app\workers\tasks.py", line 354, in _execute_async
    await session.commit()
  File "C:\Users\abhin\AppData\Local\Programs\Python\Python311\Lib\site-packages\sqlalchemy\ext\asyncio\session.py", line 1000, in commit
    await greenlet_spawn(self.sync_session.commit)
  File "C:\Users\abhin\AppData\Local\Programs\Python\Python311\Lib\site-packages\sqlalchemy\util\_concurrency_py3k.py", line 190, in greenlet_spawn
    result = context.switch(*args, **kwargs)
             ^^^^^^^^^^^^^^^^^^^^^^^^^^^^^^^
  File "C:\Users\abhin\AppData\Local\Programs\Python\Python311\Lib\site-packages\sqlalchemy\orm\session.py", line 2035, in commit
    trans.commit(_to_root=True)
  File "<string>", line 2, in commit
  File "C:\Users\abhin\AppData\Local\Programs\Python\Python311\Lib\site-packages\sqlalchemy\orm\state_changes.py", line 101, in _go
    self._raise_for_prerequisite_state(fn.__name__, current_state)
  File "C:\Users\abhin\AppData\Local\Programs\Python\Python311\Lib\site-packages\sqlalchemy\orm\session.py", line 975, in _raise_for_prerequisite_state
    raise sa_exc.PendingRollbackError(
sqlalchemy.exc.PendingRollbackError: This Session's transaction has been rolled back due to a previous exception during flush. To begin a new transaction with this Session, first issue Session.rollback(). Original exception was: (sqlalchemy.dialects.postgresql.asyncpg.IntegrityError) <class 'asyncpg.exceptions.ForeignKeyViolationError'>: insert or update on table "ml_runs" violates foreign key constraint "ml_runs_experiment_id_fkey"
DETAIL:  Key (experiment_id)=(63455c81-29a2-44bf-9ccd-08869d750211) is not present in table "experiments".
[SQL: INSERT INTO ml_runs (id, experiment_id, name, status, params, metrics, mlflow_run_id, notes, started_at, completed_at, created_at, updated_at) VALUES ($1::UUID, $2::UUID, $3::VARCHAR, $4::VARCHAR, $5::JSONB, $6::JSONB, $7::VARCHAR, $8::VARCHAR, $9::TIMESTAMP WITHOUT TIME ZONE, $10::TIMESTAMP WITHOUT TIME ZONE, $11::TIMESTAMP WITHOUT TIME ZONE, $12::TIMESTAMP WITHOUT TIME ZONE)]
[parameters: (UUID('7a3377d2-b247-42fa-99da-80dc190fca0c'), UUID('63455c81-29a2-44bf-9ccd-08869d750211'), 'Smoke Renamed', 'RUNNING', '{}', '{}', None, None, datetime.datetime(2026, 10, 2, 19, 49, 48, 571472), None, datetime.datetime(2026, 10, 2, 19, 49, 48, 573467), datetime.datetime(2026, 10, 2, 19, 49, 48, 573467))]
(Background on this error at: https://sqlalche.me/e/20/gkpj) (Background on this error at: https://sqlalche.me/e/20/7s2a)
[2026-10-03 01:19:49,843: INFO/MainProcess] task_completed
[2026-10-03 01:28:12,994: INFO/MainProcess] Task experiments.run_experiment[920fae27-aa82-47ca-be6f-9eff5dc5340e] received
[2026-10-03 01:28:12,997: INFO/MainProcess] task_started
[2026-10-03 01:28:45,751: ERROR/MainProcess] task_failure
Traceback (most recent call last):
  File "D:\autoSage\backend\app\workers\tasks.py", line 75, in _run_coro_sync
    asyncio.get_running_loop()
RuntimeError: no running event loop

During handling of the above exception, another exception occurred:

Traceback (most recent call last):
  File "C:\Users\abhin\AppData\Local\Programs\Python\Python311\Lib\site-packages\celery\app\trace.py", line 585, in trace_task
    R = retval = fun(*args, **kwargs)
                 ^^^^^^^^^^^^^^^^^^^^
  File "C:\Users\abhin\AppData\Local\Programs\Python\Python311\Lib\site-packages\celery\app\trace.py", line 858, in __protected_call__
    return self.run(*args, **kwargs)
           ^^^^^^^^^^^^^^^^^^^^^^^^^
  File "D:\autoSage\backend\app\workers\tasks.py", line 465, in run_experiment
    return _run_coro_sync(_execute_async(self, experiment_id))
           ^^^^^^^^^^^^^^^^^^^^^^^^^^^^^^^^^^^^^^^^^^^^^^^^^^^
  File "D:\autoSage\backend\app\workers\tasks.py", line 77, in _run_coro_sync
    return asyncio.run(coro)
           ^^^^^^^^^^^^^^^^^
  File "C:\Users\abhin\AppData\Local\Programs\Python\Python311\Lib\asyncio\runners.py", line 190, in run
    return runner.run(main)
           ^^^^^^^^^^^^^^^^
  File "C:\Users\abhin\AppData\Local\Programs\Python\Python311\Lib\asyncio\runners.py", line 118, in run
    return self._loop.run_until_complete(task)
           ^^^^^^^^^^^^^^^^^^^^^^^^^^^^^^^^^^^
  File "C:\Users\abhin\AppData\Local\Programs\Python\Python311\Lib\asyncio\base_events.py", line 654, in run_until_complete
    return future.result()
           ^^^^^^^^^^^^^^^
  File "D:\autoSage\backend\app\workers\tasks.py", line 354, in _execute_async
    await session.commit()
  File "C:\Users\abhin\AppData\Local\Programs\Python\Python311\Lib\site-packages\sqlalchemy\ext\asyncio\session.py", line 1000, in commit
    await greenlet_spawn(self.sync_session.commit)
  File "C:\Users\abhin\AppData\Local\Programs\Python\Python311\Lib\site-packages\sqlalchemy\util\_concurrency_py3k.py", line 190, in greenlet_spawn
    result = context.switch(*args, **kwargs)
             ^^^^^^^^^^^^^^^^^^^^^^^^^^^^^^^
  File "C:\Users\abhin\AppData\Local\Programs\Python\Python311\Lib\site-packages\sqlalchemy\orm\session.py", line 2035, in commit
    trans.commit(_to_root=True)
  File "<string>", line 2, in commit
  File "C:\Users\abhin\AppData\Local\Programs\Python\Python311\Lib\site-packages\sqlalchemy\orm\state_changes.py", line 101, in _go
    self._raise_for_prerequisite_state(fn.__name__, current_state)
  File "C:\Users\abhin\AppData\Local\Programs\Python\Python311\Lib\site-packages\sqlalchemy\orm\session.py", line 975, in _raise_for_prerequisite_state
    raise sa_exc.PendingRollbackError(
sqlalchemy.exc.PendingRollbackError: This Session's transaction has been rolled back due to a previous exception during flush. To begin a new transaction with this Session, first issue Session.rollback(). Original exception was: (sqlalchemy.dialects.postgresql.asyncpg.IntegrityError) <class 'asyncpg.exceptions.ForeignKeyViolationError'>: insert or update on table "ml_runs" violates foreign key constraint "ml_runs_experiment_id_fkey"
DETAIL:  Key (experiment_id)=(948d2c7d-06b1-445b-a055-0045f54af056) is not present in table "experiments".
[SQL: INSERT INTO ml_runs (id, experiment_id, name, status, params, metrics, mlflow_run_id, notes, started_at, completed_at, created_at, updated_at) VALUES ($1::UUID, $2::UUID, $3::VARCHAR, $4::VARCHAR, $5::JSONB, $6::JSONB, $7::VARCHAR, $8::VARCHAR, $9::TIMESTAMP WITHOUT TIME ZONE, $10::TIMESTAMP WITHOUT TIME ZONE, $11::TIMESTAMP WITHOUT TIME ZONE, $12::TIMESTAMP WITHOUT TIME ZONE)]
[parameters: (UUID('fa2d929a-921a-46e3-83eb-cfcde184b431'), UUID('948d2c7d-06b1-445b-a055-0045f54af056'), 'Smoke Renamed', 'RUNNING', '{}', '{}', None, None, datetime.datetime(2026, 10, 2, 19, 58, 44, 564845), None, datetime.datetime(2026, 10, 2, 19, 58, 44, 564845), datetime.datetime(2026, 10, 2, 19, 58, 44, 564845))]
(Background on this error at: https://sqlalche.me/e/20/gkpj) (Background on this error at: https://sqlalche.me/e/20/7s2a)
[2026-10-03 01:28:45,754: ERROR/MainProcess] Exception terminating connection <AdaptedConnection <asyncpg.connection.Connection object at 0x000002918B9697B0>>
Traceback (most recent call last):
  File "D:\autoSage\backend\app\workers\tasks.py", line 75, in _run_coro_sync
    asyncio.get_running_loop()
RuntimeError: no running event loop

During handling of the above exception, another exception occurred:

Traceback (most recent call last):
  File "C:\Users\abhin\AppData\Local\Programs\Python\Python311\Lib\site-packages\celery\app\trace.py", line 585, in trace_task
    R = retval = fun(*args, **kwargs)
                 ^^^^^^^^^^^^^^^^^^^^
  File "C:\Users\abhin\AppData\Local\Programs\Python\Python311\Lib\site-packages\celery\app\trace.py", line 858, in __protected_call__
    return self.run(*args, **kwargs)
           ^^^^^^^^^^^^^^^^^^^^^^^^^
  File "D:\autoSage\backend\app\workers\tasks.py", line 465, in run_experiment
    return _run_coro_sync(_execute_async(self, experiment_id))
           ^^^^^^^^^^^^^^^^^^^^^^^^^^^^^^^^^^^^^^^^^^^^^^^^^^^
  File "D:\autoSage\backend\app\workers\tasks.py", line 77, in _run_coro_sync
    return asyncio.run(coro)
           ^^^^^^^^^^^^^^^^^
  File "C:\Users\abhin\AppData\Local\Programs\Python\Python311\Lib\asyncio\runners.py", line 190, in run
    return runner.run(main)
           ^^^^^^^^^^^^^^^^
  File "C:\Users\abhin\AppData\Local\Programs\Python\Python311\Lib\asyncio\runners.py", line 118, in run
    return self._loop.run_until_complete(task)
           ^^^^^^^^^^^^^^^^^^^^^^^^^^^^^^^^^^^
  File "C:\Users\abhin\AppData\Local\Programs\Python\Python311\Lib\asyncio\base_events.py", line 654, in run_until_complete
    return future.result()
           ^^^^^^^^^^^^^^^
  File "D:\autoSage\backend\app\workers\tasks.py", line 354, in _execute_async
    await session.commit()
  File "C:\Users\abhin\AppData\Local\Programs\Python\Python311\Lib\site-packages\sqlalchemy\ext\asyncio\session.py", line 1000, in commit
    await greenlet_spawn(self.sync_session.commit)
  File "C:\Users\abhin\AppData\Local\Programs\Python\Python311\Lib\site-packages\sqlalchemy\util\_concurrency_py3k.py", line 190, in greenlet_spawn
    result = context.switch(*args, **kwargs)
             ^^^^^^^^^^^^^^^^^^^^^^^^^^^^^^^
  File "C:\Users\abhin\AppData\Local\Programs\Python\Python311\Lib\site-packages\sqlalchemy\orm\session.py", line 2035, in commit
    trans.commit(_to_root=True)
  File "<string>", line 2, in commit
  File "C:\Users\abhin\AppData\Local\Programs\Python\Python311\Lib\site-packages\sqlalchemy\orm\state_changes.py", line 101, in _go
    self._raise_for_prerequisite_state(fn.__name__, current_state)
  File "C:\Users\abhin\AppData\Local\Programs\Python\Python311\Lib\site-packages\sqlalchemy\orm\session.py", line 975, in _raise_for_prerequisite_state
    raise sa_exc.PendingRollbackError(
sqlalchemy.exc.PendingRollbackError: This Session's transaction has been rolled back due to a previous exception during flush. To begin a new transaction with this Session, first issue Session.rollback(). Original exception was: (sqlalchemy.dialects.postgresql.asyncpg.IntegrityError) <class 'asyncpg.exceptions.ForeignKeyViolationError'>: insert or update on table "ml_runs" violates foreign key constraint "ml_runs_experiment_id_fkey"
DETAIL:  Key (experiment_id)=(948d2c7d-06b1-445b-a055-0045f54af056) is not present in table "experiments".
[SQL: INSERT INTO ml_runs (id, experiment_id, name, status, params, metrics, mlflow_run_id, notes, started_at, completed_at, created_at, updated_at) VALUES ($1::UUID, $2::UUID, $3::VARCHAR, $4::VARCHAR, $5::JSONB, $6::JSONB, $7::VARCHAR, $8::VARCHAR, $9::TIMESTAMP WITHOUT TIME ZONE, $10::TIMESTAMP WITHOUT TIME ZONE, $11::TIMESTAMP WITHOUT TIME ZONE, $12::TIMESTAMP WITHOUT TIME ZONE)]
[parameters: (UUID('fa2d929a-921a-46e3-83eb-cfcde184b431'), UUID('948d2c7d-06b1-445b-a055-0045f54af056'), 'Smoke Renamed', 'RUNNING', '{}', '{}', None, None, datetime.datetime(2026, 10, 2, 19, 58, 44, 564845), None, datetime.datetime(2026, 10, 2, 19, 58, 44, 564845), datetime.datetime(2026, 10, 2, 19, 58, 44, 564845))]
(Background on this error at: https://sqlalche.me/e/20/gkpj) (Background on this error at: https://sqlalche.me/e/20/7s2a)

During handling of the above exception, another exception occurred:

Traceback (most recent call last):
  File "D:\autoSage\backend\app\workers\tasks.py", line 75, in _run_coro_sync
    asyncio.get_running_loop()
RuntimeError: no running event loop

During handling of the above exception, another exception occurred:

Traceback (most recent call last):
  File "C:\Users\abhin\AppData\Local\Programs\Python\Python311\Lib\site-packages\sqlalchemy\pool\base.py", line 373, in _close_connection
    self._dialect.do_terminate(connection)
  File "C:\Users\abhin\AppData\Local\Programs\Python\Python311\Lib\site-packages\sqlalchemy\dialects\postgresql\asyncpg.py", line 1131, in do_terminate
    dbapi_connection.terminate()
  File "C:\Users\abhin\AppData\Local\Programs\Python\Python311\Lib\site-packages\sqlalchemy\connectors\asyncio.py", line 402, in terminate
    self.await_(asyncio.shield(self._terminate_graceful_close()))  # type: ignore[attr-defined] # noqa: E501
    ^^^^^^^^^^^^^^^^^^^^^^^^^^^^^^^^^^^^^^^^^^^^^^^^^^^^^^^^^^^^^
  File "C:\Users\abhin\AppData\Local\Programs\Python\Python311\Lib\site-packages\sqlalchemy\util\_concurrency_py3k.py", line 132, in await_only
    return current.parent.switch(awaitable)  # type: ignore[no-any-return,attr-defined] # noqa: E501
           ^^^^^^^^^^^^^^^^^^^^^^^^^^^^^^^^
  File "C:\Users\abhin\AppData\Local\Programs\Python\Python311\Lib\site-packages\sqlalchemy\util\_concurrency_py3k.py", line 196, in greenlet_spawn
    value = await result
            ^^^^^^^^^^^^
  File "C:\Users\abhin\AppData\Local\Programs\Python\Python311\Lib\site-packages\sqlalchemy\dialects\postgresql\asyncpg.py", line 912, in _terminate_graceful_close
    await self._connection.close(timeout=2)
  File "C:\Users\abhin\AppData\Local\Programs\Python\Python311\Lib\site-packages\asyncpg\connection.py", line 1513, in close
    await self._protocol.close(timeout)
  File "asyncpg/protocol/protocol.pyx", line 617, in close
  File "asyncpg/protocol/protocol.pyx", line 650, in asyncpg.protocol.protocol.BaseProtocol._request_cancel
  File "C:\Users\abhin\AppData\Local\Programs\Python\Python311\Lib\site-packages\asyncpg\connection.py", line 1682, in _cancel_current_command
    self._cancellations.add(self._loop.create_task(self._cancel(waiter)))
                            ^^^^^^^^^^^^^^^^^^^^^^^^^^^^^^^^^^^^^^^^^^^^
  File "C:\Users\abhin\AppData\Local\Programs\Python\Python311\Lib\asyncio\base_events.py", line 435, in create_task
    self._check_closed()
  File "C:\Users\abhin\AppData\Local\Programs\Python\Python311\Lib\asyncio\base_events.py", line 520, in _check_closed
    raise RuntimeError('Event loop is closed')
RuntimeError: Event loop is closed
[2026-10-03 01:28:45,756: ERROR/MainProcess] failure_sync_failed
Traceback (most recent call last):
  File "D:\autoSage\backend\app\workers\tasks.py", line 75, in _run_coro_sync
    asyncio.get_running_loop()
RuntimeError: no running event loop

During handling of the above exception, another exception occurred:

Traceback (most recent call last):
  File "C:\Users\abhin\AppData\Local\Programs\Python\Python311\Lib\site-packages\celery\app\trace.py", line 585, in trace_task
    R = retval = fun(*args, **kwargs)
                 ^^^^^^^^^^^^^^^^^^^^
  File "C:\Users\abhin\AppData\Local\Programs\Python\Python311\Lib\site-packages\celery\app\trace.py", line 858, in __protected_call__
    return self.run(*args, **kwargs)
           ^^^^^^^^^^^^^^^^^^^^^^^^^
  File "D:\autoSage\backend\app\workers\tasks.py", line 465, in run_experiment
    return _run_coro_sync(_execute_async(self, experiment_id))
           ^^^^^^^^^^^^^^^^^^^^^^^^^^^^^^^^^^^^^^^^^^^^^^^^^^^
  File "D:\autoSage\backend\app\workers\tasks.py", line 77, in _run_coro_sync
    return asyncio.run(coro)
           ^^^^^^^^^^^^^^^^^
  File "C:\Users\abhin\AppData\Local\Programs\Python\Python311\Lib\asyncio\runners.py", line 190, in run
    return runner.run(main)
           ^^^^^^^^^^^^^^^^
  File "C:\Users\abhin\AppData\Local\Programs\Python\Python311\Lib\asyncio\runners.py", line 118, in run
    return self._loop.run_until_complete(task)
           ^^^^^^^^^^^^^^^^^^^^^^^^^^^^^^^^^^^
  File "C:\Users\abhin\AppData\Local\Programs\Python\Python311\Lib\asyncio\base_events.py", line 654, in run_until_complete
    return future.result()
           ^^^^^^^^^^^^^^^
  File "D:\autoSage\backend\app\workers\tasks.py", line 354, in _execute_async
    await session.commit()
  File "C:\Users\abhin\AppData\Local\Programs\Python\Python311\Lib\site-packages\sqlalchemy\ext\asyncio\session.py", line 1000, in commit
    await greenlet_spawn(self.sync_session.commit)
  File "C:\Users\abhin\AppData\Local\Programs\Python\Python311\Lib\site-packages\sqlalchemy\util\_concurrency_py3k.py", line 190, in greenlet_spawn
    result = context.switch(*args, **kwargs)
             ^^^^^^^^^^^^^^^^^^^^^^^^^^^^^^^
  File "C:\Users\abhin\AppData\Local\Programs\Python\Python311\Lib\site-packages\sqlalchemy\orm\session.py", line 2035, in commit
    trans.commit(_to_root=True)
  File "<string>", line 2, in commit
  File "C:\Users\abhin\AppData\Local\Programs\Python\Python311\Lib\site-packages\sqlalchemy\orm\state_changes.py", line 101, in _go
    self._raise_for_prerequisite_state(fn.__name__, current_state)
  File "C:\Users\abhin\AppData\Local\Programs\Python\Python311\Lib\site-packages\sqlalchemy\orm\session.py", line 975, in _raise_for_prerequisite_state
    raise sa_exc.PendingRollbackError(
sqlalchemy.exc.PendingRollbackError: This Session's transaction has been rolled back due to a previous exception during flush. To begin a new transaction with this Session, first issue Session.rollback(). Original exception was: (sqlalchemy.dialects.postgresql.asyncpg.IntegrityError) <class 'asyncpg.exceptions.ForeignKeyViolationError'>: insert or update on table "ml_runs" violates foreign key constraint "ml_runs_experiment_id_fkey"
DETAIL:  Key (experiment_id)=(948d2c7d-06b1-445b-a055-0045f54af056) is not present in table "experiments".
[SQL: INSERT INTO ml_runs (id, experiment_id, name, status, params, metrics, mlflow_run_id, notes, started_at, completed_at, created_at, updated_at) VALUES ($1::UUID, $2::UUID, $3::VARCHAR, $4::VARCHAR, $5::JSONB, $6::JSONB, $7::VARCHAR, $8::VARCHAR, $9::TIMESTAMP WITHOUT TIME ZONE, $10::TIMESTAMP WITHOUT TIME ZONE, $11::TIMESTAMP WITHOUT TIME ZONE, $12::TIMESTAMP WITHOUT TIME ZONE)]
[parameters: (UUID('fa2d929a-921a-46e3-83eb-cfcde184b431'), UUID('948d2c7d-06b1-445b-a055-0045f54af056'), 'Smoke Renamed', 'RUNNING', '{}', '{}', None, None, datetime.datetime(2026, 10, 2, 19, 58, 44, 564845), None, datetime.datetime(2026, 10, 2, 19, 58, 44, 564845), datetime.datetime(2026, 10, 2, 19, 58, 44, 564845))]
(Background on this error at: https://sqlalche.me/e/20/gkpj) (Background on this error at: https://sqlalche.me/e/20/7s2a)

During handling of the above exception, another exception occurred:

Traceback (most recent call last):
  File "D:\autoSage\backend\app\workers\tasks.py", line 75, in _run_coro_sync
    asyncio.get_running_loop()
RuntimeError: no running event loop

During handling of the above exception, another exception occurred:

Traceback (most recent call last):
  File "D:\autoSage\backend\app\workers\tasks.py", line 433, in on_failure
    _run_coro_sync(_sync_failure_best_effort(args[0] if args else None, exc))
  File "D:\autoSage\backend\app\workers\tasks.py", line 77, in _run_coro_sync
    return asyncio.run(coro)
           ^^^^^^^^^^^^^^^^^
  File "C:\Users\abhin\AppData\Local\Programs\Python\Python311\Lib\asyncio\runners.py", line 190, in run
    return runner.run(main)
           ^^^^^^^^^^^^^^^^
  File "C:\Users\abhin\AppData\Local\Programs\Python\Python311\Lib\asyncio\runners.py", line 118, in run
    return self._loop.run_until_complete(task)
           ^^^^^^^^^^^^^^^^^^^^^^^^^^^^^^^^^^^
  File "C:\Users\abhin\AppData\Local\Programs\Python\Python311\Lib\asyncio\base_events.py", line 654, in run_until_complete
    return future.result()
           ^^^^^^^^^^^^^^^
  File "D:\autoSage\backend\app\workers\tasks.py", line 443, in _sync_failure_best_effort
    experiment = await _load_experiment(session, str(experiment_id))
                 ^^^^^^^^^^^^^^^^^^^^^^^^^^^^^^^^^^^^^^^^^^^^^^^^^^^
  File "D:\autoSage\backend\app\workers\tasks.py", line 110, in _load_experiment
    return await repo.get_by_id(UUID(experiment_id))
           ^^^^^^^^^^^^^^^^^^^^^^^^^^^^^^^^^^^^^^^^^
  File "D:\autoSage\backend\app\repositories\base.py", line 26, in get_by_id
    return await self.session.get(self.model, entity_id)
           ^^^^^^^^^^^^^^^^^^^^^^^^^^^^^^^^^^^^^^^^^^^^^
  File "C:\Users\abhin\AppData\Local\Programs\Python\Python311\Lib\site-packages\sqlalchemy\ext\asyncio\session.py", line 592, in get
    return await greenlet_spawn(
           ^^^^^^^^^^^^^^^^^^^^^
  File "C:\Users\abhin\AppData\Local\Programs\Python\Python311\Lib\site-packages\sqlalchemy\util\_concurrency_py3k.py", line 201, in greenlet_spawn
    result = context.throw(*sys.exc_info())
             ^^^^^^^^^^^^^^^^^^^^^^^^^^^^^^
  File "C:\Users\abhin\AppData\Local\Programs\Python\Python311\Lib\site-packages\sqlalchemy\orm\session.py", line 3702, in get
    return self._get_impl(
           ^^^^^^^^^^^^^^^
  File "C:\Users\abhin\AppData\Local\Programs\Python\Python311\Lib\site-packages\sqlalchemy\orm\session.py", line 3881, in _get_impl
    return db_load_fn(
           ^^^^^^^^^^^
  File "C:\Users\abhin\AppData\Local\Programs\Python\Python311\Lib\site-packages\sqlalchemy\orm\loading.py", line 695, in load_on_pk_identity
    session.execute(
  File "C:\Users\abhin\AppData\Local\Programs\Python\Python311\Lib\site-packages\sqlalchemy\orm\session.py", line 2373, in execute
    return self._execute_internal(
           ^^^^^^^^^^^^^^^^^^^^^^^
  File "C:\Users\abhin\AppData\Local\Programs\Python\Python311\Lib\site-packages\sqlalchemy\orm\session.py", line 2261, in _execute_internal
    conn = self._connection_for_bind(bind)
           ^^^^^^^^^^^^^^^^^^^^^^^^^^^^^^^
  File "C:\Users\abhin\AppData\Local\Programs\Python\Python311\Lib\site-packages\sqlalchemy\orm\session.py", line 2113, in _connection_for_bind
    return trans._connection_for_bind(engine, execution_options)
           ^^^^^^^^^^^^^^^^^^^^^^^^^^^^^^^^^^^^^^^^^^^^^^^^^^^^^
  File "<string>", line 2, in _connection_for_bind
  File "C:\Users\abhin\AppData\Local\Programs\Python\Python311\Lib\site-packages\sqlalchemy\orm\state_changes.py", line 137, in _go
    ret_value = fn(self, *arg, **kw)
                ^^^^^^^^^^^^^^^^^^^^
  File "C:\Users\abhin\AppData\Local\Programs\Python\Python311\Lib\site-packages\sqlalchemy\orm\session.py", line 1191, in _connection_for_bind
    conn = bind.connect()
           ^^^^^^^^^^^^^^
  File "C:\Users\abhin\AppData\Local\Programs\Python\Python311\Lib\site-packages\sqlalchemy\engine\base.py", line 3295, in connect
    return self._connection_cls(self)
           ^^^^^^^^^^^^^^^^^^^^^^^^^^
  File "C:\Users\abhin\AppData\Local\Programs\Python\Python311\Lib\site-packages\sqlalchemy\engine\base.py", line 144, in __init__
    self._dbapi_connection = engine.raw_connection()
                             ^^^^^^^^^^^^^^^^^^^^^^^
  File "C:\Users\abhin\AppData\Local\Programs\Python\Python311\Lib\site-packages\sqlalchemy\engine\base.py", line 3319, in raw_connection
    return self.pool.connect()
           ^^^^^^^^^^^^^^^^^^^
  File "C:\Users\abhin\AppData\Local\Programs\Python\Python311\Lib\site-packages\sqlalchemy\pool\base.py", line 448, in connect
    return _ConnectionFairy._checkout(self)
           ^^^^^^^^^^^^^^^^^^^^^^^^^^^^^^^^
  File "C:\Users\abhin\AppData\Local\Programs\Python\Python311\Lib\site-packages\sqlalchemy\pool\base.py", line 1389, in _checkout
    with util.safe_reraise():
  File "C:\Users\abhin\AppData\Local\Programs\Python\Python311\Lib\site-packages\sqlalchemy\util\langhelpers.py", line 122, in __exit__
    raise exc_value.with_traceback(exc_tb)
  File "C:\Users\abhin\AppData\Local\Programs\Python\Python311\Lib\site-packages\sqlalchemy\pool\base.py", line 1327, in _checkout
    result = pool._dialect._do_ping_w_event(
             ^^^^^^^^^^^^^^^^^^^^^^^^^^^^^^^
  File "C:\Users\abhin\AppData\Local\Programs\Python\Python311\Lib\site-packages\sqlalchemy\engine\default.py", line 729, in _do_ping_w_event
    return self.do_ping(dbapi_connection)
           ^^^^^^^^^^^^^^^^^^^^^^^^^^^^^^
  File "C:\Users\abhin\AppData\Local\Programs\Python\Python311\Lib\site-packages\sqlalchemy\dialects\postgresql\asyncpg.py", line 1164, in do_ping
    dbapi_connection.ping()
  File "C:\Users\abhin\AppData\Local\Programs\Python\Python311\Lib\site-packages\sqlalchemy\dialects\postgresql\asyncpg.py", line 818, in ping
    self._handle_exception(error)
  File "C:\Users\abhin\AppData\Local\Programs\Python\Python311\Lib\site-packages\sqlalchemy\dialects\postgresql\asyncpg.py", line 799, in _handle_exception
    raise error
  File "C:\Users\abhin\AppData\Local\Programs\Python\Python311\Lib\site-packages\sqlalchemy\dialects\postgresql\asyncpg.py", line 816, in ping
    _ = self.await_(self._async_ping())
        ^^^^^^^^^^^^^^^^^^^^^^^^^^^^^^^
  File "C:\Users\abhin\AppData\Local\Programs\Python\Python311\Lib\site-packages\sqlalchemy\util\_concurrency_py3k.py", line 132, in await_only
    return current.parent.switch(awaitable)  # type: ignore[no-any-return,attr-defined] # noqa: E501
           ^^^^^^^^^^^^^^^^^^^^^^^^^^^^^^^^
  File "C:\Users\abhin\AppData\Local\Programs\Python\Python311\Lib\site-packages\sqlalchemy\util\_concurrency_py3k.py", line 196, in greenlet_spawn
    value = await result
            ^^^^^^^^^^^^
  File "C:\Users\abhin\AppData\Local\Programs\Python\Python311\Lib\site-packages\sqlalchemy\dialects\postgresql\asyncpg.py", line 825, in _async_ping
    await tr.start()
  File "C:\Users\abhin\AppData\Local\Programs\Python\Python311\Lib\site-packages\asyncpg\transaction.py", line 146, in start
    await self._connection.execute(query)
  File "C:\Users\abhin\AppData\Local\Programs\Python\Python311\Lib\site-packages\asyncpg\connection.py", line 354, in execute
    result = await self._protocol.query(query, timeout)
             ^^^^^^^^^^^^^^^^^^^^^^^^^^^^^^^^^^^^^^^^^^
  File "asyncpg/protocol/protocol.pyx", line 369, in query
  File "asyncpg/protocol/protocol.pyx", line 362, in asyncpg.protocol.protocol.BaseProtocol.query
  File "asyncpg/protocol/coreproto.pyx", line 1174, in asyncpg.protocol.protocol.CoreProtocol._simple_query
  File "asyncpg/protocol/protocol.pyx", line 956, in asyncpg.protocol.protocol.BaseProtocol._write
  File "C:\Users\abhin\AppData\Local\Programs\Python\Python311\Lib\asyncio\sslproto.py", line 222, in write
    self._ssl_protocol._write_appdata((data,))
  File "C:\Users\abhin\AppData\Local\Programs\Python\Python311\Lib\asyncio\sslproto.py", line 697, in _write_appdata
    self._fatal_error(ex, 'Fatal error on SSL protocol')
  File "C:\Users\abhin\AppData\Local\Programs\Python\Python311\Lib\asyncio\sslproto.py", line 915, in _fatal_error
    self._transport._force_close(exc)
  File "C:\Users\abhin\AppData\Local\Programs\Python\Python311\Lib\asyncio\proactor_events.py", line 152, in _force_close
    self._loop.call_soon(self._call_connection_lost, exc)
  File "C:\Users\abhin\AppData\Local\Programs\Python\Python311\Lib\asyncio\base_events.py", line 762, in call_soon
    self._check_closed()
  File "C:\Users\abhin\AppData\Local\Programs\Python\Python311\Lib\asyncio\base_events.py", line 520, in _check_closed
    raise RuntimeError('Event loop is closed')
RuntimeError: Event loop is closed
[2026-10-03 01:28:45,760: ERROR/MainProcess] task_failed
[2026-10-03 01:28:45,760: ERROR/MainProcess] Task experiments.run_experiment[920fae27-aa82-47ca-be6f-9eff5dc5340e] raised unexpected: PendingRollbackError('This Session\'s transaction has been rolled back due to a previous exception during flush. To begin a new transaction with this Session, first issue Session.rollback(). Original exception was: (sqlalchemy.dialects.postgresql.asyncpg.IntegrityError) <class \'asyncpg.exceptions.ForeignKeyViolationError\'>: insert or update on table "ml_runs" violates foreign key constraint "ml_runs_experiment_id_fkey"\nDETAIL:  Key (experiment_id)=(948d2c7d-06b1-445b-a055-0045f54af056) is not present in table "experiments".\n[SQL: INSERT INTO ml_runs (id, experiment_id, name, status, params, metrics, mlflow_run_id, notes, started_at, completed_at, created_at, updated_at) VALUES ($1::UUID, $2::UUID, $3::VARCHAR, $4::VARCHAR, $5::JSONB, $6::JSONB, $7::VARCHAR, $8::VARCHAR, $9::TIMESTAMP WITHOUT TIME ZONE, $10::TIMESTAMP WITHOUT TIME ZONE, $11::TIMESTAMP WITHOUT TIME ZONE, $12::TIMESTAMP WITHOUT TIME ZONE)]\n[parameters: (UUID(\'fa2d929a-921a-46e3-83eb-cfcde184b431\'), UUID(\'948d2c7d-06b1-445b-a055-0045f54af056\'), \'Smoke Renamed\', \'RUNNING\', \'{}\', \'{}\', None, None, datetime.datetime(2026, 10, 2, 19, 58, 44, 564845), None, datetime.datetime(2026, 10, 2, 19, 58, 44, 564845), datetime.datetime(2026, 10, 2, 19, 58, 44, 564845))]\n(Background on this error at: https://sqlalche.me/e/20/gkpj)')
Traceback (most recent call last):
  File "D:\autoSage\backend\app\workers\tasks.py", line 75, in _run_coro_sync
    asyncio.get_running_loop()
RuntimeError: no running event loop

During handling of the above exception, another exception occurred:

Traceback (most recent call last):
  File "C:\Users\abhin\AppData\Local\Programs\Python\Python311\Lib\site-packages\celery\app\trace.py", line 585, in trace_task
    R = retval = fun(*args, **kwargs)
                 ^^^^^^^^^^^^^^^^^^^^
  File "C:\Users\abhin\AppData\Local\Programs\Python\Python311\Lib\site-packages\celery\app\trace.py", line 858, in __protected_call__
    return self.run(*args, **kwargs)
           ^^^^^^^^^^^^^^^^^^^^^^^^^
  File "D:\autoSage\backend\app\workers\tasks.py", line 465, in run_experiment
    return _run_coro_sync(_execute_async(self, experiment_id))
           ^^^^^^^^^^^^^^^^^^^^^^^^^^^^^^^^^^^^^^^^^^^^^^^^^^^
  File "D:\autoSage\backend\app\workers\tasks.py", line 77, in _run_coro_sync
    return asyncio.run(coro)
           ^^^^^^^^^^^^^^^^^
  File "C:\Users\abhin\AppData\Local\Programs\Python\Python311\Lib\asyncio\runners.py", line 190, in run
    return runner.run(main)
           ^^^^^^^^^^^^^^^^
  File "C:\Users\abhin\AppData\Local\Programs\Python\Python311\Lib\asyncio\runners.py", line 118, in run
    return self._loop.run_until_complete(task)
           ^^^^^^^^^^^^^^^^^^^^^^^^^^^^^^^^^^^
  File "C:\Users\abhin\AppData\Local\Programs\Python\Python311\Lib\asyncio\base_events.py", line 654, in run_until_complete
    return future.result()
           ^^^^^^^^^^^^^^^
  File "D:\autoSage\backend\app\workers\tasks.py", line 354, in _execute_async
    await session.commit()
  File "C:\Users\abhin\AppData\Local\Programs\Python\Python311\Lib\site-packages\sqlalchemy\ext\asyncio\session.py", line 1000, in commit
    await greenlet_spawn(self.sync_session.commit)
  File "C:\Users\abhin\AppData\Local\Programs\Python\Python311\Lib\site-packages\sqlalchemy\util\_concurrency_py3k.py", line 190, in greenlet_spawn
    result = context.switch(*args, **kwargs)
             ^^^^^^^^^^^^^^^^^^^^^^^^^^^^^^^
  File "C:\Users\abhin\AppData\Local\Programs\Python\Python311\Lib\site-packages\sqlalchemy\orm\session.py", line 2035, in commit
    trans.commit(_to_root=True)
  File "<string>", line 2, in commit
  File "C:\Users\abhin\AppData\Local\Programs\Python\Python311\Lib\site-packages\sqlalchemy\orm\state_changes.py", line 101, in _go
    self._raise_for_prerequisite_state(fn.__name__, current_state)
  File "C:\Users\abhin\AppData\Local\Programs\Python\Python311\Lib\site-packages\sqlalchemy\orm\session.py", line 975, in _raise_for_prerequisite_state
    raise sa_exc.PendingRollbackError(
sqlalchemy.exc.PendingRollbackError: This Session's transaction has been rolled back due to a previous exception during flush. To begin a new transaction with this Session, first issue Session.rollback(). Original exception was: (sqlalchemy.dialects.postgresql.asyncpg.IntegrityError) <class 'asyncpg.exceptions.ForeignKeyViolationError'>: insert or update on table "ml_runs" violates foreign key constraint "ml_runs_experiment_id_fkey"
DETAIL:  Key (experiment_id)=(948d2c7d-06b1-445b-a055-0045f54af056) is not present in table "experiments".
[SQL: INSERT INTO ml_runs (id, experiment_id, name, status, params, metrics, mlflow_run_id, notes, started_at, completed_at, created_at, updated_at) VALUES ($1::UUID, $2::UUID, $3::VARCHAR, $4::VARCHAR, $5::JSONB, $6::JSONB, $7::VARCHAR, $8::VARCHAR, $9::TIMESTAMP WITHOUT TIME ZONE, $10::TIMESTAMP WITHOUT TIME ZONE, $11::TIMESTAMP WITHOUT TIME ZONE, $12::TIMESTAMP WITHOUT TIME ZONE)]
[parameters: (UUID('fa2d929a-921a-46e3-83eb-cfcde184b431'), UUID('948d2c7d-06b1-445b-a055-0045f54af056'), 'Smoke Renamed', 'RUNNING', '{}', '{}', None, None, datetime.datetime(2026, 10, 2, 19, 58, 44, 564845), None, datetime.datetime(2026, 10, 2, 19, 58, 44, 564845), datetime.datetime(2026, 10, 2, 19, 58, 44, 564845))]
(Background on this error at: https://sqlalche.me/e/20/gkpj) (Background on this error at: https://sqlalche.me/e/20/7s2a)
[2026-10-03 01:28:45,761: INFO/MainProcess] task_completed
[2026-10-03 01:42:14,741: INFO/MainProcess] Task experiments.run_experiment[f5c43729-aaa6-496b-bc11-752947255489] received
[2026-10-03 01:42:14,745: INFO/MainProcess] task_started
[2026-10-03 01:42:47,354: ERROR/MainProcess] task_failure
Traceback (most recent call last):
  File "D:\autoSage\backend\app\workers\tasks.py", line 75, in _run_coro_sync
    asyncio.get_running_loop()
RuntimeError: no running event loop

During handling of the above exception, another exception occurred:

Traceback (most recent call last):
  File "C:\Users\abhin\AppData\Local\Programs\Python\Python311\Lib\site-packages\celery\app\trace.py", line 585, in trace_task
    R = retval = fun(*args, **kwargs)
                 ^^^^^^^^^^^^^^^^^^^^
  File "C:\Users\abhin\AppData\Local\Programs\Python\Python311\Lib\site-packages\celery\app\trace.py", line 858, in __protected_call__
    return self.run(*args, **kwargs)
           ^^^^^^^^^^^^^^^^^^^^^^^^^
  File "D:\autoSage\backend\app\workers\tasks.py", line 465, in run_experiment
    return _run_coro_sync(_execute_async(self, experiment_id))
           ^^^^^^^^^^^^^^^^^^^^^^^^^^^^^^^^^^^^^^^^^^^^^^^^^^^
  File "D:\autoSage\backend\app\workers\tasks.py", line 77, in _run_coro_sync
    return asyncio.run(coro)
           ^^^^^^^^^^^^^^^^^
  File "C:\Users\abhin\AppData\Local\Programs\Python\Python311\Lib\asyncio\runners.py", line 190, in run
    return runner.run(main)
           ^^^^^^^^^^^^^^^^
  File "C:\Users\abhin\AppData\Local\Programs\Python\Python311\Lib\asyncio\runners.py", line 118, in run
    return self._loop.run_until_complete(task)
           ^^^^^^^^^^^^^^^^^^^^^^^^^^^^^^^^^^^
  File "C:\Users\abhin\AppData\Local\Programs\Python\Python311\Lib\asyncio\base_events.py", line 654, in run_until_complete
    return future.result()
           ^^^^^^^^^^^^^^^
  File "D:\autoSage\backend\app\workers\tasks.py", line 354, in _execute_async
    await session.commit()
  File "C:\Users\abhin\AppData\Local\Programs\Python\Python311\Lib\site-packages\sqlalchemy\ext\asyncio\session.py", line 1000, in commit
    await greenlet_spawn(self.sync_session.commit)
  File "C:\Users\abhin\AppData\Local\Programs\Python\Python311\Lib\site-packages\sqlalchemy\util\_concurrency_py3k.py", line 190, in greenlet_spawn
    result = context.switch(*args, **kwargs)
             ^^^^^^^^^^^^^^^^^^^^^^^^^^^^^^^
  File "C:\Users\abhin\AppData\Local\Programs\Python\Python311\Lib\site-packages\sqlalchemy\orm\session.py", line 2035, in commit
    trans.commit(_to_root=True)
  File "<string>", line 2, in commit
  File "C:\Users\abhin\AppData\Local\Programs\Python\Python311\Lib\site-packages\sqlalchemy\orm\state_changes.py", line 101, in _go
    self._raise_for_prerequisite_state(fn.__name__, current_state)
  File "C:\Users\abhin\AppData\Local\Programs\Python\Python311\Lib\site-packages\sqlalchemy\orm\session.py", line 975, in _raise_for_prerequisite_state
    raise sa_exc.PendingRollbackError(
sqlalchemy.exc.PendingRollbackError: This Session's transaction has been rolled back due to a previous exception during flush. To begin a new transaction with this Session, first issue Session.rollback(). Original exception was: (sqlalchemy.dialects.postgresql.asyncpg.IntegrityError) <class 'asyncpg.exceptions.ForeignKeyViolationError'>: insert or update on table "ml_runs" violates foreign key constraint "ml_runs_experiment_id_fkey"
DETAIL:  Key (experiment_id)=(519deeeb-04f4-4713-8360-328429f45534) is not present in table "experiments".
[SQL: INSERT INTO ml_runs (id, experiment_id, name, status, params, metrics, mlflow_run_id, notes, started_at, completed_at, created_at, updated_at) VALUES ($1::UUID, $2::UUID, $3::VARCHAR, $4::VARCHAR, $5::JSONB, $6::JSONB, $7::VARCHAR, $8::VARCHAR, $9::TIMESTAMP WITHOUT TIME ZONE, $10::TIMESTAMP WITHOUT TIME ZONE, $11::TIMESTAMP WITHOUT TIME ZONE, $12::TIMESTAMP WITHOUT TIME ZONE)]
[parameters: (UUID('ab7e4846-ac5e-4676-955a-6241da911409'), UUID('519deeeb-04f4-4713-8360-328429f45534'), 'Smoke Renamed', 'RUNNING', '{}', '{}', None, None, datetime.datetime(2026, 10, 2, 20, 12, 46, 175133), None, datetime.datetime(2026, 10, 2, 20, 12, 46, 175133), datetime.datetime(2026, 10, 2, 20, 12, 46, 175133))]
(Background on this error at: https://sqlalche.me/e/20/gkpj) (Background on this error at: https://sqlalche.me/e/20/7s2a)
[2026-10-03 01:42:47,357: ERROR/MainProcess] Exception terminating connection <AdaptedConnection <asyncpg.connection.Connection object at 0x0000029154FA85E0>>
Traceback (most recent call last):
  File "D:\autoSage\backend\app\workers\tasks.py", line 75, in _run_coro_sync
    asyncio.get_running_loop()
RuntimeError: no running event loop

During handling of the above exception, another exception occurred:

Traceback (most recent call last):
  File "C:\Users\abhin\AppData\Local\Programs\Python\Python311\Lib\site-packages\celery\app\trace.py", line 585, in trace_task
    R = retval = fun(*args, **kwargs)
                 ^^^^^^^^^^^^^^^^^^^^
  File "C:\Users\abhin\AppData\Local\Programs\Python\Python311\Lib\site-packages\celery\app\trace.py", line 858, in __protected_call__
    return self.run(*args, **kwargs)
           ^^^^^^^^^^^^^^^^^^^^^^^^^
  File "D:\autoSage\backend\app\workers\tasks.py", line 465, in run_experiment
    return _run_coro_sync(_execute_async(self, experiment_id))
           ^^^^^^^^^^^^^^^^^^^^^^^^^^^^^^^^^^^^^^^^^^^^^^^^^^^
  File "D:\autoSage\backend\app\workers\tasks.py", line 77, in _run_coro_sync
    return asyncio.run(coro)
           ^^^^^^^^^^^^^^^^^
  File "C:\Users\abhin\AppData\Local\Programs\Python\Python311\Lib\asyncio\runners.py", line 190, in run
    return runner.run(main)
           ^^^^^^^^^^^^^^^^
  File "C:\Users\abhin\AppData\Local\Programs\Python\Python311\Lib\asyncio\runners.py", line 118, in run
    return self._loop.run_until_complete(task)
           ^^^^^^^^^^^^^^^^^^^^^^^^^^^^^^^^^^^
  File "C:\Users\abhin\AppData\Local\Programs\Python\Python311\Lib\asyncio\base_events.py", line 654, in run_until_complete
    return future.result()
           ^^^^^^^^^^^^^^^
  File "D:\autoSage\backend\app\workers\tasks.py", line 354, in _execute_async
    await session.commit()
  File "C:\Users\abhin\AppData\Local\Programs\Python\Python311\Lib\site-packages\sqlalchemy\ext\asyncio\session.py", line 1000, in commit
    await greenlet_spawn(self.sync_session.commit)
  File "C:\Users\abhin\AppData\Local\Programs\Python\Python311\Lib\site-packages\sqlalchemy\util\_concurrency_py3k.py", line 190, in greenlet_spawn
    result = context.switch(*args, **kwargs)
             ^^^^^^^^^^^^^^^^^^^^^^^^^^^^^^^
  File "C:\Users\abhin\AppData\Local\Programs\Python\Python311\Lib\site-packages\sqlalchemy\orm\session.py", line 2035, in commit
    trans.commit(_to_root=True)
  File "<string>", line 2, in commit
  File "C:\Users\abhin\AppData\Local\Programs\Python\Python311\Lib\site-packages\sqlalchemy\orm\state_changes.py", line 101, in _go
    self._raise_for_prerequisite_state(fn.__name__, current_state)
  File "C:\Users\abhin\AppData\Local\Programs\Python\Python311\Lib\site-packages\sqlalchemy\orm\session.py", line 975, in _raise_for_prerequisite_state
    raise sa_exc.PendingRollbackError(
sqlalchemy.exc.PendingRollbackError: This Session's transaction has been rolled back due to a previous exception during flush. To begin a new transaction with this Session, first issue Session.rollback(). Original exception was: (sqlalchemy.dialects.postgresql.asyncpg.IntegrityError) <class 'asyncpg.exceptions.ForeignKeyViolationError'>: insert or update on table "ml_runs" violates foreign key constraint "ml_runs_experiment_id_fkey"
DETAIL:  Key (experiment_id)=(519deeeb-04f4-4713-8360-328429f45534) is not present in table "experiments".
[SQL: INSERT INTO ml_runs (id, experiment_id, name, status, params, metrics, mlflow_run_id, notes, started_at, completed_at, created_at, updated_at) VALUES ($1::UUID, $2::UUID, $3::VARCHAR, $4::VARCHAR, $5::JSONB, $6::JSONB, $7::VARCHAR, $8::VARCHAR, $9::TIMESTAMP WITHOUT TIME ZONE, $10::TIMESTAMP WITHOUT TIME ZONE, $11::TIMESTAMP WITHOUT TIME ZONE, $12::TIMESTAMP WITHOUT TIME ZONE)]
[parameters: (UUID('ab7e4846-ac5e-4676-955a-6241da911409'), UUID('519deeeb-04f4-4713-8360-328429f45534'), 'Smoke Renamed', 'RUNNING', '{}', '{}', None, None, datetime.datetime(2026, 10, 2, 20, 12, 46, 175133), None, datetime.datetime(2026, 10, 2, 20, 12, 46, 175133), datetime.datetime(2026, 10, 2, 20, 12, 46, 175133))]
(Background on this error at: https://sqlalche.me/e/20/gkpj) (Background on this error at: https://sqlalche.me/e/20/7s2a)

During handling of the above exception, another exception occurred:

Traceback (most recent call last):
  File "D:\autoSage\backend\app\workers\tasks.py", line 75, in _run_coro_sync
    asyncio.get_running_loop()
RuntimeError: no running event loop

During handling of the above exception, another exception occurred:

Traceback (most recent call last):
  File "C:\Users\abhin\AppData\Local\Programs\Python\Python311\Lib\site-packages\sqlalchemy\pool\base.py", line 373, in _close_connection
    self._dialect.do_terminate(connection)
  File "C:\Users\abhin\AppData\Local\Programs\Python\Python311\Lib\site-packages\sqlalchemy\dialects\postgresql\asyncpg.py", line 1131, in do_terminate
    dbapi_connection.terminate()
  File "C:\Users\abhin\AppData\Local\Programs\Python\Python311\Lib\site-packages\sqlalchemy\connectors\asyncio.py", line 402, in terminate
    self.await_(asyncio.shield(self._terminate_graceful_close()))  # type: ignore[attr-defined] # noqa: E501
    ^^^^^^^^^^^^^^^^^^^^^^^^^^^^^^^^^^^^^^^^^^^^^^^^^^^^^^^^^^^^^
  File "C:\Users\abhin\AppData\Local\Programs\Python\Python311\Lib\site-packages\sqlalchemy\util\_concurrency_py3k.py", line 132, in await_only
    return current.parent.switch(awaitable)  # type: ignore[no-any-return,attr-defined] # noqa: E501
           ^^^^^^^^^^^^^^^^^^^^^^^^^^^^^^^^
  File "C:\Users\abhin\AppData\Local\Programs\Python\Python311\Lib\site-packages\sqlalchemy\util\_concurrency_py3k.py", line 196, in greenlet_spawn
    value = await result
            ^^^^^^^^^^^^
  File "C:\Users\abhin\AppData\Local\Programs\Python\Python311\Lib\site-packages\sqlalchemy\dialects\postgresql\asyncpg.py", line 912, in _terminate_graceful_close
    await self._connection.close(timeout=2)
  File "C:\Users\abhin\AppData\Local\Programs\Python\Python311\Lib\site-packages\asyncpg\connection.py", line 1513, in close
    await self._protocol.close(timeout)
  File "asyncpg/protocol/protocol.pyx", line 617, in close
  File "asyncpg/protocol/protocol.pyx", line 650, in asyncpg.protocol.protocol.BaseProtocol._request_cancel
  File "C:\Users\abhin\AppData\Local\Programs\Python\Python311\Lib\site-packages\asyncpg\connection.py", line 1682, in _cancel_current_command
    self._cancellations.add(self._loop.create_task(self._cancel(waiter)))
                            ^^^^^^^^^^^^^^^^^^^^^^^^^^^^^^^^^^^^^^^^^^^^
  File "C:\Users\abhin\AppData\Local\Programs\Python\Python311\Lib\asyncio\base_events.py", line 435, in create_task
    self._check_closed()
  File "C:\Users\abhin\AppData\Local\Programs\Python\Python311\Lib\asyncio\base_events.py", line 520, in _check_closed
    raise RuntimeError('Event loop is closed')
RuntimeError: Event loop is closed
[2026-10-03 01:42:47,360: ERROR/MainProcess] failure_sync_failed
Traceback (most recent call last):
  File "D:\autoSage\backend\app\workers\tasks.py", line 75, in _run_coro_sync
    asyncio.get_running_loop()
RuntimeError: no running event loop

During handling of the above exception, another exception occurred:

Traceback (most recent call last):
  File "C:\Users\abhin\AppData\Local\Programs\Python\Python311\Lib\site-packages\celery\app\trace.py", line 585, in trace_task
    R = retval = fun(*args, **kwargs)
                 ^^^^^^^^^^^^^^^^^^^^
  File "C:\Users\abhin\AppData\Local\Programs\Python\Python311\Lib\site-packages\celery\app\trace.py", line 858, in __protected_call__
    return self.run(*args, **kwargs)
           ^^^^^^^^^^^^^^^^^^^^^^^^^
  File "D:\autoSage\backend\app\workers\tasks.py", line 465, in run_experiment
    return _run_coro_sync(_execute_async(self, experiment_id))
           ^^^^^^^^^^^^^^^^^^^^^^^^^^^^^^^^^^^^^^^^^^^^^^^^^^^
  File "D:\autoSage\backend\app\workers\tasks.py", line 77, in _run_coro_sync
    return asyncio.run(coro)
           ^^^^^^^^^^^^^^^^^
  File "C:\Users\abhin\AppData\Local\Programs\Python\Python311\Lib\asyncio\runners.py", line 190, in run
    return runner.run(main)
           ^^^^^^^^^^^^^^^^
  File "C:\Users\abhin\AppData\Local\Programs\Python\Python311\Lib\asyncio\runners.py", line 118, in run
    return self._loop.run_until_complete(task)
           ^^^^^^^^^^^^^^^^^^^^^^^^^^^^^^^^^^^
  File "C:\Users\abhin\AppData\Local\Programs\Python\Python311\Lib\asyncio\base_events.py", line 654, in run_until_complete
    return future.result()
           ^^^^^^^^^^^^^^^
  File "D:\autoSage\backend\app\workers\tasks.py", line 354, in _execute_async
    await session.commit()
  File "C:\Users\abhin\AppData\Local\Programs\Python\Python311\Lib\site-packages\sqlalchemy\ext\asyncio\session.py", line 1000, in commit
    await greenlet_spawn(self.sync_session.commit)
  File "C:\Users\abhin\AppData\Local\Programs\Python\Python311\Lib\site-packages\sqlalchemy\util\_concurrency_py3k.py", line 190, in greenlet_spawn
    result = context.switch(*args, **kwargs)
             ^^^^^^^^^^^^^^^^^^^^^^^^^^^^^^^
  File "C:\Users\abhin\AppData\Local\Programs\Python\Python311\Lib\site-packages\sqlalchemy\orm\session.py", line 2035, in commit
    trans.commit(_to_root=True)
  File "<string>", line 2, in commit
  File "C:\Users\abhin\AppData\Local\Programs\Python\Python311\Lib\site-packages\sqlalchemy\orm\state_changes.py", line 101, in _go
    self._raise_for_prerequisite_state(fn.__name__, current_state)
  File "C:\Users\abhin\AppData\Local\Programs\Python\Python311\Lib\site-packages\sqlalchemy\orm\session.py", line 975, in _raise_for_prerequisite_state
    raise sa_exc.PendingRollbackError(
sqlalchemy.exc.PendingRollbackError: This Session's transaction has been rolled back due to a previous exception during flush. To begin a new transaction with this Session, first issue Session.rollback(). Original exception was: (sqlalchemy.dialects.postgresql.asyncpg.IntegrityError) <class 'asyncpg.exceptions.ForeignKeyViolationError'>: insert or update on table "ml_runs" violates foreign key constraint "ml_runs_experiment_id_fkey"
DETAIL:  Key (experiment_id)=(519deeeb-04f4-4713-8360-328429f45534) is not present in table "experiments".
[SQL: INSERT INTO ml_runs (id, experiment_id, name, status, params, metrics, mlflow_run_id, notes, started_at, completed_at, created_at, updated_at) VALUES ($1::UUID, $2::UUID, $3::VARCHAR, $4::VARCHAR, $5::JSONB, $6::JSONB, $7::VARCHAR, $8::VARCHAR, $9::TIMESTAMP WITHOUT TIME ZONE, $10::TIMESTAMP WITHOUT TIME ZONE, $11::TIMESTAMP WITHOUT TIME ZONE, $12::TIMESTAMP WITHOUT TIME ZONE)]
[parameters: (UUID('ab7e4846-ac5e-4676-955a-6241da911409'), UUID('519deeeb-04f4-4713-8360-328429f45534'), 'Smoke Renamed', 'RUNNING', '{}', '{}', None, None, datetime.datetime(2026, 10, 2, 20, 12, 46, 175133), None, datetime.datetime(2026, 10, 2, 20, 12, 46, 175133), datetime.datetime(2026, 10, 2, 20, 12, 46, 175133))]
(Background on this error at: https://sqlalche.me/e/20/gkpj) (Background on this error at: https://sqlalche.me/e/20/7s2a)

During handling of the above exception, another exception occurred:

Traceback (most recent call last):
  File "D:\autoSage\backend\app\workers\tasks.py", line 75, in _run_coro_sync
    asyncio.get_running_loop()
RuntimeError: no running event loop

During handling of the above exception, another exception occurred:

Traceback (most recent call last):
  File "D:\autoSage\backend\app\workers\tasks.py", line 433, in on_failure
    _run_coro_sync(_sync_failure_best_effort(args[0] if args else None, exc))
  File "D:\autoSage\backend\app\workers\tasks.py", line 77, in _run_coro_sync
    return asyncio.run(coro)
           ^^^^^^^^^^^^^^^^^
  File "C:\Users\abhin\AppData\Local\Programs\Python\Python311\Lib\asyncio\runners.py", line 190, in run
    return runner.run(main)
           ^^^^^^^^^^^^^^^^
  File "C:\Users\abhin\AppData\Local\Programs\Python\Python311\Lib\asyncio\runners.py", line 118, in run
    return self._loop.run_until_complete(task)
           ^^^^^^^^^^^^^^^^^^^^^^^^^^^^^^^^^^^
  File "C:\Users\abhin\AppData\Local\Programs\Python\Python311\Lib\asyncio\base_events.py", line 654, in run_until_complete
    return future.result()
           ^^^^^^^^^^^^^^^
  File "D:\autoSage\backend\app\workers\tasks.py", line 443, in _sync_failure_best_effort
    experiment = await _load_experiment(session, str(experiment_id))
                 ^^^^^^^^^^^^^^^^^^^^^^^^^^^^^^^^^^^^^^^^^^^^^^^^^^^
  File "D:\autoSage\backend\app\workers\tasks.py", line 110, in _load_experiment
    return await repo.get_by_id(UUID(experiment_id))
           ^^^^^^^^^^^^^^^^^^^^^^^^^^^^^^^^^^^^^^^^^
  File "D:\autoSage\backend\app\repositories\base.py", line 26, in get_by_id
    return await self.session.get(self.model, entity_id)
           ^^^^^^^^^^^^^^^^^^^^^^^^^^^^^^^^^^^^^^^^^^^^^
  File "C:\Users\abhin\AppData\Local\Programs\Python\Python311\Lib\site-packages\sqlalchemy\ext\asyncio\session.py", line 592, in get
    return await greenlet_spawn(
           ^^^^^^^^^^^^^^^^^^^^^
  File "C:\Users\abhin\AppData\Local\Programs\Python\Python311\Lib\site-packages\sqlalchemy\util\_concurrency_py3k.py", line 201, in greenlet_spawn
    result = context.throw(*sys.exc_info())
             ^^^^^^^^^^^^^^^^^^^^^^^^^^^^^^
  File "C:\Users\abhin\AppData\Local\Programs\Python\Python311\Lib\site-packages\sqlalchemy\orm\session.py", line 3702, in get
    return self._get_impl(
           ^^^^^^^^^^^^^^^
  File "C:\Users\abhin\AppData\Local\Programs\Python\Python311\Lib\site-packages\sqlalchemy\orm\session.py", line 3881, in _get_impl
    return db_load_fn(
           ^^^^^^^^^^^
  File "C:\Users\abhin\AppData\Local\Programs\Python\Python311\Lib\site-packages\sqlalchemy\orm\loading.py", line 695, in load_on_pk_identity
    session.execute(
  File "C:\Users\abhin\AppData\Local\Programs\Python\Python311\Lib\site-packages\sqlalchemy\orm\session.py", line 2373, in execute
    return self._execute_internal(
           ^^^^^^^^^^^^^^^^^^^^^^^
  File "C:\Users\abhin\AppData\Local\Programs\Python\Python311\Lib\site-packages\sqlalchemy\orm\session.py", line 2261, in _execute_internal
    conn = self._connection_for_bind(bind)
           ^^^^^^^^^^^^^^^^^^^^^^^^^^^^^^^
  File "C:\Users\abhin\AppData\Local\Programs\Python\Python311\Lib\site-packages\sqlalchemy\orm\session.py", line 2113, in _connection_for_bind
    return trans._connection_for_bind(engine, execution_options)
           ^^^^^^^^^^^^^^^^^^^^^^^^^^^^^^^^^^^^^^^^^^^^^^^^^^^^^
  File "<string>", line 2, in _connection_for_bind
  File "C:\Users\abhin\AppData\Local\Programs\Python\Python311\Lib\site-packages\sqlalchemy\orm\state_changes.py", line 137, in _go
    ret_value = fn(self, *arg, **kw)
                ^^^^^^^^^^^^^^^^^^^^
  File "C:\Users\abhin\AppData\Local\Programs\Python\Python311\Lib\site-packages\sqlalchemy\orm\session.py", line 1191, in _connection_for_bind
    conn = bind.connect()
           ^^^^^^^^^^^^^^
  File "C:\Users\abhin\AppData\Local\Programs\Python\Python311\Lib\site-packages\sqlalchemy\engine\base.py", line 3295, in connect
    return self._connection_cls(self)
           ^^^^^^^^^^^^^^^^^^^^^^^^^^
  File "C:\Users\abhin\AppData\Local\Programs\Python\Python311\Lib\site-packages\sqlalchemy\engine\base.py", line 144, in __init__
    self._dbapi_connection = engine.raw_connection()
                             ^^^^^^^^^^^^^^^^^^^^^^^
  File "C:\Users\abhin\AppData\Local\Programs\Python\Python311\Lib\site-packages\sqlalchemy\engine\base.py", line 3319, in raw_connection
    return self.pool.connect()
           ^^^^^^^^^^^^^^^^^^^
  File "C:\Users\abhin\AppData\Local\Programs\Python\Python311\Lib\site-packages\sqlalchemy\pool\base.py", line 448, in connect
    return _ConnectionFairy._checkout(self)
           ^^^^^^^^^^^^^^^^^^^^^^^^^^^^^^^^
  File "C:\Users\abhin\AppData\Local\Programs\Python\Python311\Lib\site-packages\sqlalchemy\pool\base.py", line 1389, in _checkout
    with util.safe_reraise():
  File "C:\Users\abhin\AppData\Local\Programs\Python\Python311\Lib\site-packages\sqlalchemy\util\langhelpers.py", line 122, in __exit__
    raise exc_value.with_traceback(exc_tb)
  File "C:\Users\abhin\AppData\Local\Programs\Python\Python311\Lib\site-packages\sqlalchemy\pool\base.py", line 1327, in _checkout
    result = pool._dialect._do_ping_w_event(
             ^^^^^^^^^^^^^^^^^^^^^^^^^^^^^^^
  File "C:\Users\abhin\AppData\Local\Programs\Python\Python311\Lib\site-packages\sqlalchemy\engine\default.py", line 729, in _do_ping_w_event
    return self.do_ping(dbapi_connection)
           ^^^^^^^^^^^^^^^^^^^^^^^^^^^^^^
  File "C:\Users\abhin\AppData\Local\Programs\Python\Python311\Lib\site-packages\sqlalchemy\dialects\postgresql\asyncpg.py", line 1164, in do_ping
    dbapi_connection.ping()
  File "C:\Users\abhin\AppData\Local\Programs\Python\Python311\Lib\site-packages\sqlalchemy\dialects\postgresql\asyncpg.py", line 818, in ping
    self._handle_exception(error)
  File "C:\Users\abhin\AppData\Local\Programs\Python\Python311\Lib\site-packages\sqlalchemy\dialects\postgresql\asyncpg.py", line 799, in _handle_exception
    raise error
  File "C:\Users\abhin\AppData\Local\Programs\Python\Python311\Lib\site-packages\sqlalchemy\dialects\postgresql\asyncpg.py", line 816, in ping
    _ = self.await_(self._async_ping())
        ^^^^^^^^^^^^^^^^^^^^^^^^^^^^^^^
  File "C:\Users\abhin\AppData\Local\Programs\Python\Python311\Lib\site-packages\sqlalchemy\util\_concurrency_py3k.py", line 132, in await_only
    return current.parent.switch(awaitable)  # type: ignore[no-any-return,attr-defined] # noqa: E501
           ^^^^^^^^^^^^^^^^^^^^^^^^^^^^^^^^
  File "C:\Users\abhin\AppData\Local\Programs\Python\Python311\Lib\site-packages\sqlalchemy\util\_concurrency_py3k.py", line 196, in greenlet_spawn
    value = await result
            ^^^^^^^^^^^^
  File "C:\Users\abhin\AppData\Local\Programs\Python\Python311\Lib\site-packages\sqlalchemy\dialects\postgresql\asyncpg.py", line 825, in _async_ping
    await tr.start()
  File "C:\Users\abhin\AppData\Local\Programs\Python\Python311\Lib\site-packages\asyncpg\transaction.py", line 146, in start
    await self._connection.execute(query)
  File "C:\Users\abhin\AppData\Local\Programs\Python\Python311\Lib\site-packages\asyncpg\connection.py", line 354, in execute
    result = await self._protocol.query(query, timeout)
             ^^^^^^^^^^^^^^^^^^^^^^^^^^^^^^^^^^^^^^^^^^
  File "asyncpg/protocol/protocol.pyx", line 369, in query
  File "asyncpg/protocol/protocol.pyx", line 362, in asyncpg.protocol.protocol.BaseProtocol.query
  File "asyncpg/protocol/coreproto.pyx", line 1174, in asyncpg.protocol.protocol.CoreProtocol._simple_query
  File "asyncpg/protocol/protocol.pyx", line 956, in asyncpg.protocol.protocol.BaseProtocol._write
  File "C:\Users\abhin\AppData\Local\Programs\Python\Python311\Lib\asyncio\sslproto.py", line 222, in write
    self._ssl_protocol._write_appdata((data,))
  File "C:\Users\abhin\AppData\Local\Programs\Python\Python311\Lib\asyncio\sslproto.py", line 697, in _write_appdata
    self._fatal_error(ex, 'Fatal error on SSL protocol')
  File "C:\Users\abhin\AppData\Local\Programs\Python\Python311\Lib\asyncio\sslproto.py", line 915, in _fatal_error
    self._transport._force_close(exc)
  File "C:\Users\abhin\AppData\Local\Programs\Python\Python311\Lib\asyncio\proactor_events.py", line 152, in _force_close
    self._loop.call_soon(self._call_connection_lost, exc)
  File "C:\Users\abhin\AppData\Local\Programs\Python\Python311\Lib\asyncio\base_events.py", line 762, in call_soon
    self._check_closed()
  File "C:\Users\abhin\AppData\Local\Programs\Python\Python311\Lib\asyncio\base_events.py", line 520, in _check_closed
    raise RuntimeError('Event loop is closed')
RuntimeError: Event loop is closed
[2026-10-03 01:42:47,364: ERROR/MainProcess] task_failed
[2026-10-03 01:42:47,364: ERROR/MainProcess] Task experiments.run_experiment[f5c43729-aaa6-496b-bc11-752947255489] raised unexpected: PendingRollbackError('This Session\'s transaction has been rolled back due to a previous exception during flush. To begin a new transaction with this Session, first issue Session.rollback(). Original exception was: (sqlalchemy.dialects.postgresql.asyncpg.IntegrityError) <class \'asyncpg.exceptions.ForeignKeyViolationError\'>: insert or update on table "ml_runs" violates foreign key constraint "ml_runs_experiment_id_fkey"\nDETAIL:  Key (experiment_id)=(519deeeb-04f4-4713-8360-328429f45534) is not present in table "experiments".\n[SQL: INSERT INTO ml_runs (id, experiment_id, name, status, params, metrics, mlflow_run_id, notes, started_at, completed_at, created_at, updated_at) VALUES ($1::UUID, $2::UUID, $3::VARCHAR, $4::VARCHAR, $5::JSONB, $6::JSONB, $7::VARCHAR, $8::VARCHAR, $9::TIMESTAMP WITHOUT TIME ZONE, $10::TIMESTAMP WITHOUT TIME ZONE, $11::TIMESTAMP WITHOUT TIME ZONE, $12::TIMESTAMP WITHOUT TIME ZONE)]\n[parameters: (UUID(\'ab7e4846-ac5e-4676-955a-6241da911409\'), UUID(\'519deeeb-04f4-4713-8360-328429f45534\'), \'Smoke Renamed\', \'RUNNING\', \'{}\', \'{}\', None, None, datetime.datetime(2026, 10, 2, 20, 12, 46, 175133), None, datetime.datetime(2026, 10, 2, 20, 12, 46, 175133), datetime.datetime(2026, 10, 2, 20, 12, 46, 175133))]\n(Background on this error at: https://sqlalche.me/e/20/gkpj)')
Traceback (most recent call last):
  File "D:\autoSage\backend\app\workers\tasks.py", line 75, in _run_coro_sync
    asyncio.get_running_loop()
RuntimeError: no running event loop

During handling of the above exception, another exception occurred:

Traceback (most recent call last):
  File "C:\Users\abhin\AppData\Local\Programs\Python\Python311\Lib\site-packages\celery\app\trace.py", line 585, in trace_task
    R = retval = fun(*args, **kwargs)
                 ^^^^^^^^^^^^^^^^^^^^
  File "C:\Users\abhin\AppData\Local\Programs\Python\Python311\Lib\site-packages\celery\app\trace.py", line 858, in __protected_call__
    return self.run(*args, **kwargs)
           ^^^^^^^^^^^^^^^^^^^^^^^^^
  File "D:\autoSage\backend\app\workers\tasks.py", line 465, in run_experiment
    return _run_coro_sync(_execute_async(self, experiment_id))
           ^^^^^^^^^^^^^^^^^^^^^^^^^^^^^^^^^^^^^^^^^^^^^^^^^^^
  File "D:\autoSage\backend\app\workers\tasks.py", line 77, in _run_coro_sync
    return asyncio.run(coro)
           ^^^^^^^^^^^^^^^^^
  File "C:\Users\abhin\AppData\Local\Programs\Python\Python311\Lib\asyncio\runners.py", line 190, in run
    return runner.run(main)
           ^^^^^^^^^^^^^^^^
  File "C:\Users\abhin\AppData\Local\Programs\Python\Python311\Lib\asyncio\runners.py", line 118, in run
    return self._loop.run_until_complete(task)
           ^^^^^^^^^^^^^^^^^^^^^^^^^^^^^^^^^^^
  File "C:\Users\abhin\AppData\Local\Programs\Python\Python311\Lib\asyncio\base_events.py", line 654, in run_until_complete
    return future.result()
           ^^^^^^^^^^^^^^^
  File "D:\autoSage\backend\app\workers\tasks.py", line 354, in _execute_async
    await session.commit()
  File "C:\Users\abhin\AppData\Local\Programs\Python\Python311\Lib\site-packages\sqlalchemy\ext\asyncio\session.py", line 1000, in commit
    await greenlet_spawn(self.sync_session.commit)
  File "C:\Users\abhin\AppData\Local\Programs\Python\Python311\Lib\site-packages\sqlalchemy\util\_concurrency_py3k.py", line 190, in greenlet_spawn
    result = context.switch(*args, **kwargs)
             ^^^^^^^^^^^^^^^^^^^^^^^^^^^^^^^
  File "C:\Users\abhin\AppData\Local\Programs\Python\Python311\Lib\site-packages\sqlalchemy\orm\session.py", line 2035, in commit
    trans.commit(_to_root=True)
  File "<string>", line 2, in commit
  File "C:\Users\abhin\AppData\Local\Programs\Python\Python311\Lib\site-packages\sqlalchemy\orm\state_changes.py", line 101, in _go
    self._raise_for_prerequisite_state(fn.__name__, current_state)
  File "C:\Users\abhin\AppData\Local\Programs\Python\Python311\Lib\site-packages\sqlalchemy\orm\session.py", line 975, in _raise_for_prerequisite_state
    raise sa_exc.PendingRollbackError(
sqlalchemy.exc.PendingRollbackError: This Session's transaction has been rolled back due to a previous exception during flush. To begin a new transaction with this Session, first issue Session.rollback(). Original exception was: (sqlalchemy.dialects.postgresql.asyncpg.IntegrityError) <class 'asyncpg.exceptions.ForeignKeyViolationError'>: insert or update on table "ml_runs" violates foreign key constraint "ml_runs_experiment_id_fkey"
DETAIL:  Key (experiment_id)=(519deeeb-04f4-4713-8360-328429f45534) is not present in table "experiments".
[SQL: INSERT INTO ml_runs (id, experiment_id, name, status, params, metrics, mlflow_run_id, notes, started_at, completed_at, created_at, updated_at) VALUES ($1::UUID, $2::UUID, $3::VARCHAR, $4::VARCHAR, $5::JSONB, $6::JSONB, $7::VARCHAR, $8::VARCHAR, $9::TIMESTAMP WITHOUT TIME ZONE, $10::TIMESTAMP WITHOUT TIME ZONE, $11::TIMESTAMP WITHOUT TIME ZONE, $12::TIMESTAMP WITHOUT TIME ZONE)]
[parameters: (UUID('ab7e4846-ac5e-4676-955a-6241da911409'), UUID('519deeeb-04f4-4713-8360-328429f45534'), 'Smoke Renamed', 'RUNNING', '{}', '{}', None, None, datetime.datetime(2026, 10, 2, 20, 12, 46, 175133), None, datetime.datetime(2026, 10, 2, 20, 12, 46, 175133), datetime.datetime(2026, 10, 2, 20, 12, 46, 175133))]
(Background on this error at: https://sqlalche.me/e/20/gkpj) (Background on this error at: https://sqlalche.me/e/20/7s2a)
[2026-10-03 01:42:47,366: INFO/MainProcess] task_completed
[2026-10-03 12:25:11,109: INFO/MainProcess] Task experiments.run_experiment[939c37d8-bc98-449c-b1f2-45764f99ab64] received
[2026-10-03 12:25:11,119: INFO/MainProcess] task_started
[2026-10-03 12:25:47,092: WARNING/MainProcess] C:\Users\abhin\AppData\Local\Programs\Python\Python311\Lib\site-packages\pydantic\main.py:542: UserWarning: Pydantic serializer warnings:
  PydanticSerializationUnexpectedValue(Expected `dict[str, any]` - serialized value may not be as expected [field_name='payload', input_value=MLStartedPayload(model_fa...4cd5-b41c-453afc31a46c'), input_type=MLStartedPayload])
  return self.__pydantic_serializer__.to_json(

[2026-10-03 12:25:49,425: INFO/MainProcess] sandbox_execution_start
[2026-10-03 12:25:49,425: INFO/MainProcess] sandbox_execute_job_start
[2026-10-03 12:25:49,429: INFO/MainProcess] sandbox_build_image_start
[2026-10-03 12:25:49,432: ERROR/MainProcess] sandbox_build_image_failed
[2026-10-03 12:25:49,432: ERROR/MainProcess] sandbox_job_error
[2026-10-03 12:25:49,432: INFO/MainProcess] sandbox_execute_job_completed
[2026-10-03 12:25:49,432: INFO/MainProcess] sandbox_execution_completed
[2026-10-03 12:26:00,635: WARNING/MainProcess] C:\Users\abhin\AppData\Local\Programs\Python\Python311\Lib\site-packages\pydantic\main.py:542: UserWarning: Pydantic serializer warnings:
  PydanticSerializationUnexpectedValue(Expected `dict[str, any]` - serialized value may not be as expected [field_name='payload', input_value=MLCompletedPayload(succes...4cd5-b41c-453afc31a46c'), input_type=MLCompletedPayload])
  return self.__pydantic_serializer__.to_json(

[2026-10-03 12:26:04,658: ERROR/MainProcess] experiment_failed_sandbox
[2026-10-03 12:26:06,740: WARNING/MainProcess] \U0001f3c3 View run autosage-Estimate default probability on the Q3 lending fil at: http://localhost:5000/#/experiments/1/runs/659e35f9da204306bbbad0b522a86ce4
[2026-10-03 12:26:06,740: WARNING/MainProcess] \U0001f9ea View experiment at: http://localhost:5000/#/experiments/1
[2026-10-03 12:26:06,761: INFO/MainProcess] mlflow_run_ended
[2026-10-03 12:26:07,157: INFO/MainProcess] Task experiments.run_experiment[939c37d8-bc98-449c-b1f2-45764f99ab64] succeeded in 56.04700000002049s: {'experiment_id': '595f1c40-74d4-49d1-8e0c-c8a3792bbbd1', 'status': 'FAILED', 'mlflow_run_id': '659e35f9da204306bbbad0b522a86ce4', 'ml_run_id': '90e7eb56-1da7-4cd5-b41c-453afc31a46c'}
[2026-10-03 12:26:07,157: INFO/MainProcess] task_completed
